"box","ID","transp","in_","out_","in_duration","out_duration","in_r_pk","out_r_pk","direction_detail","direction","type","time_inside_min","sex","IDmale","firstEgg","date_","rel_day","sleep","start","end","counter","sound_data","channel"
"1",4,"B4P9810","4980000000008001",2019-04-26 20:13:10,2019-04-27 06:27:59,1.804,1.334,6620034,6620054,"O/i|I/O","IN-OUT","v2",614.838900001844,2,"B4H0929",2019-04-24,2019-04-27,3,1,2019-04-27 05:58:00,2019-04-27 06:58:00,144,1,"1"
"2",4,"B4P9810","4980000000008001",2019-04-27 06:34:13,2019-04-27 06:36:12,0.793,3.291,6620059,6620168,"O/i|I/o","IN-OUT","v2",2.03818333148956,2,"B4H0929",2019-04-24,2019-04-27,3,0,2019-04-27 06:32:10,2019-04-27 06:38:17,145,1,"1"
"3",7,"B4H0471","438213A801AF0001",2019-04-05 19:37:10,2019-04-06 06:41:31,0.79,0.692,3011511,3011516,"O/i|I/O","IN-OUT","v2",664.361533331871,2,"B4H0940",2019-04-10,2019-04-06,-4,1,2019-04-06 06:11:31,2019-04-06 07:11:31,22,1,"1"
"4",7,"B4H0471","438213A801AF0001",2019-04-06 08:49:57,2019-04-06 08:53:15,0.484,4.438,3011639,3011653,"?/i|I/I","IN-OUT","v2",3.37396666606267,2,"B4H0940",2019-04-10,2019-04-06,-4,0,2019-04-06 08:46:34,2019-04-06 08:56:41,23,1,"1"
"5",7,"B4H0471","438213A801AF0001",2019-04-06 17:28:38,2019-04-06 17:50:52,0.635,1.012,3012128,3012144,"O/I|I/I","IN-OUT","v2",22.2502000013987,2,"B4H0940",2019-04-10,2019-04-06,-4,0,2019-04-06 17:06:22,2019-04-06 18:13:08,24,1,"1"
"6",7,"B4H0471","438213A801AF0001",2019-04-07 19:39:00,2019-04-08 06:40:40,0.48,0.631,3012985,3013028,"O/i|I/o","IN-OUT","v2",661.677183334033,2,"B4H0940",2019-04-10,2019-04-08,-2,1,2019-04-08 06:10:40,2019-04-08 07:10:40,25,1,"1"
"7",7,"B4H0471","438213A801AF0001",2019-04-08 10:33:15,2019-04-08 11:11:51,0.846,2.176,3013476,3013682,"O/i|I/o","IN-OUT","v2",38.6362666686376,2,"B4H0940",2019-04-10,2019-04-08,-2,0,2019-04-08 09:54:36,2019-04-08 11:50:31,26,1,"1"
"8",7,"B4H0471","438213A801AF0001",2019-04-08 19:39:34,2019-04-09 06:44:55,0.533,1.014,3013903,3013908,"O/I|I/o","IN-OUT","v2",665.366899998983,2,"B4H0940",2019-04-10,2019-04-09,-1,1,2019-04-09 06:14:56,2019-04-09 07:14:56,27,1,"1"
"9",7,"B4H0471","438213A801AF0001",2019-04-09 09:19:30,2019-04-09 09:27:51,8.258,2.831,3013935,3013972,"O/I|I/o","IN-OUT","v2",8.39718333482742,2,"B4H0940",2019-04-10,2019-04-09,-1,0,2019-04-09 09:11:06,2019-04-09 09:36:17,28,1,"1"
"10",18,"B4P9324","4C20000000008001",2019-04-11 19:24:03,2019-04-12 06:52:33,2.72,4.312,763301,763306,"O/I|I/o","IN-OUT","v2",688.571866667271,2,"B4H0234",2019-04-12,2019-04-12,0,1,2019-04-12 06:22:37,2019-04-12 07:22:37,94,1,"1"
"11",18,"B4P9324","4C20000000008001",2019-04-12 07:28:32,2019-04-12 07:51:21,13.777,3.089,763311,763336,"O/I|I/O","IN-OUT","v2",22.8681499997775,2,"B4H0234",2019-04-12,2019-04-12,0,0,2019-04-12 07:05:39,2019-04-12 08:14:16,95,1,"1"
"12",21,"B4P9561","FCD0000000008001",2019-04-10 19:49:01,2019-04-11 07:02:00,5.102,0.387,22433840,22433884,"O/i|I/I","IN-OUT","v2",672.989783334732,2,"B4H0229",2019-04-11,2019-04-11,0,1,2019-04-11 06:32:00,2019-04-11 07:32:00,121,1,"0"
"13",21,"B4P9561","FCD0000000008001",2019-04-11 08:31:52,2019-04-11 08:40:42,4.881,1.997,22433897,22434012,"O/I|I/o","IN-OUT","v2",8.86661666631699,2,"B4H0229",2019-04-11,2019-04-11,0,0,2019-04-11 08:23:00,2019-04-11 08:49:35,122,1,"0"
"14",21,"B4P9561","FCD0000000008001",2019-04-12 19:47:36,2019-04-13 06:26:57,2.131,3.713,22435300,22435393,"O/I|I/o","IN-OUT","v2",639.411883334319,2,"B4H0229",2019-04-11,2019-04-13,2,1,2019-04-13 05:57:00,2019-04-13 06:57:00,123,1,"0"
"15",21,"B4P9561","FCD0000000008001",2019-04-13 06:45:45,2019-04-13 07:09:52,3.101,2.532,22435404,22435459,"O/i|I/o","IN-OUT","v2",24.1588666677475,2,"B4H0229",2019-04-11,2019-04-13,2,0,2019-04-13 06:21:35,2019-04-13 07:34:04,124,1,"0"
"16",24,"B4H0230","E42213A801AF0001",2019-04-12 19:11:48,2019-04-13 07:00:26,2.139,4.348,2172233,2172320,"O/I|I/o","IN-OUT","v2",708.705800000827,2,"B4H1776",2019-04-12,2019-04-13,1,1,2019-04-13 06:30:30,2019-04-13 07:30:30,14,1,"1"
"17",24,"B4H0230","E42213A801AF0001",2019-04-13 07:33:16,2019-04-13 07:59:20,1.291,1.75,2172331,2172340,"O/I|I/o","IN-OUT","v2",26.0958333333333,2,"B4H1776",2019-04-12,2019-04-13,1,0,2019-04-13 07:07:10,2019-04-13 08:25:27,15,1,"1"
"18",32,"B4X1869","4BD0000000008001",2019-04-18 19:58:08,2019-04-19 06:32:12,0.747,3.592,516967,517075,"O/I|I/I","IN-OUT","v2",634.126533333461,2,"B4P9127",2019-04-15,2019-04-19,4,1,2019-04-19 06:02:15,2019-04-19 07:02:15,377,1,"1"
"19",32,"B4X1869","4BD0000000008001",2019-04-19 14:48:33,2019-04-19 14:53:23,1.54,4.688,517799,517841,"O/I|I/O","IN-OUT","v2",4.91146666606267,2,"B4P9127",2019-04-15,2019-04-19,4,0,2019-04-19 14:43:38,2019-04-19 14:58:22,378,1,"1"
"20",56,"B4X1150","6F20000000008001",2019-04-05 19:07:43,2019-04-06 06:42:41,1.648,6.266,5338589,5338598,"O/I|I/o","IN-OUT","v2",695.07110000054,2,"B4P9367",2019-04-08,2019-04-06,-2,1,2019-04-06 06:12:47,2019-04-06 07:12:47,224,1,"0"
"21",56,"B4X1150","6F20000000008001",2019-04-06 11:39:35,2019-04-06 11:44:23,1.265,0.899,5338845,5338868,"O/I|I/o","IN-OUT","v2",4.81498333215714,2,"B4P9367",2019-04-08,2019-04-06,-2,0,2019-04-06 11:34:46,2019-04-06 11:49:12,225,1,"0"
"22",60,"B4P8661","1D80000000008001",2019-04-16 19:43:17,2019-04-17 06:42:34,1.292,2.42,619837,619851,"O/I|I/O","IN-OUT","v2",659.323666667938,2,"B4P9497",2019-04-12,2019-04-17,5,1,2019-04-17 06:12:36,2019-04-17 07:12:36,71,1,"1"
"23",60,"B4P8661","1D80000000008001",2019-04-17 08:59:53,2019-04-17 09:08:23,0.911,0.849,619923,619980,"O/I|I/o","IN-OUT","v2",8.51414999961853,2,"B4P9497",2019-04-12,2019-04-17,5,0,2019-04-17 08:51:22,2019-04-17 09:16:54,72,1,"1"
"24",67,"B4H0379","ED2213A801AF0001",2019-04-07 19:42:51,2019-04-08 06:23:15,0.64,3.166,4362262,4362269,"O/I|I/I","IN-OUT","v2",640.452766664823,2,"B4P9915",2019-04-11,2019-04-08,-3,1,2019-04-08 05:53:18,2019-04-08 06:53:18,16,1,"1"
"25",67,"B4H0379","ED2213A801AF0001",2019-04-08 11:20:52,2019-04-08 11:23:27,0.631,1.216,4362551,4362570,"O/I|I/O","IN-OUT","v2",2.60360000133514,2,"B4P9915",2019-04-11,2019-04-08,-3,0,2019-04-08 11:18:15,2019-04-08 11:26:04,17,1,"1"
"26",67,"B4H0379","ED2213A801AF0001",2019-04-14 19:28:47,2019-04-15 06:49:58,0.691,3.628,4364102,4364107,"O/I|I/o","IN-OUT","v2",681.24380000035,2,"B4P9915",2019-04-11,2019-04-15,4,1,2019-04-15 06:20:01,2019-04-15 07:20:01,20,1,"1"
"27",67,"B4H0379","ED2213A801AF0001",2019-04-15 10:39:29,2019-04-15 11:18:49,0.747,4.933,4364314,4364338,"?/I|I/o","IN-OUT","v2",39.4155500014623,2,"B4P9915",2019-04-11,2019-04-15,4,0,2019-04-15 10:00:04,2019-04-15 11:58:18,21,1,"1"
"28",70,"B4X1538","3860000000008001",2019-04-06 19:52:50,2019-04-07 06:36:23,2.486,3.691,502940,502950,"?/I|I/?","IN-OUT","v2",643.611516666412,2,"B4P9246",2019-04-11,2019-04-07,-4,1,2019-04-07 06:06:26,2019-04-07 07:06:26,251,1,"1"
"29",70,"B4X1538","3860000000008001",2019-04-07 13:56:28,2019-04-07 13:59:14,1.323,4.44,503373,503385,"O/I|I/o","IN-OUT","v2",2.84066666762034,2,"B4P9246",2019-04-11,2019-04-07,-4,0,2019-04-07 13:53:37,2019-04-07 14:02:08,252,1,"1"
"30",77,"B4P8109","2EC213A801AF0001",2019-04-06 19:51:46,2019-04-07 06:46:11,1.382,3.706,14335410,14335467,"O/I|I/o","IN-OUT","v2",654.478433334827,2,"B4P8196",2019-04-09,2019-04-07,-2,1,2019-04-07 06:16:14,2019-04-07 07:16:14,43,1,"1"
"31",77,"B4P8109","2EC213A801AF0001",2019-04-07 12:36:42,2019-04-07 13:22:43,3.4,3.805,14336276,14336402,"O/I|I/O","IN-OUT","v2",46.080083334446,2,"B4P8196",2019-04-09,2019-04-07,-2,0,2019-04-07 11:50:37,2019-04-07 14:08:51,44,1,"1"
"32",87,"B4P9615","EC20000000008001",2019-04-20 17:48:29,2019-04-21 05:50:17,1.135,5.1,452386,452442,"O/I|I/o","IN-OUT","v2",721.884999998411,2,"B4X1438",2019-04-22,2019-04-21,-1,1,2019-04-21 05:20:22,2019-04-21 06:20:22,129,1,"1"
"33",87,"B4P9615","EC20000000008001",2019-04-21 12:51:59,2019-04-21 12:59:01,1.934,1.375,452692,452712,"O/I|I/i","IN-OUT","v2",7.05625,2,"B4X1438",2019-04-22,2019-04-21,-1,0,2019-04-21 12:44:55,2019-04-21 13:06:05,130,1,"1"
"34",87,"B4P9615","EC20000000008001",2019-04-25 19:23:32,2019-04-26 05:58:41,0.645,3.762,454900,454907,"O/i|I/o","IN-OUT","v2",635.212700001399,2,"B4X1438",2019-04-22,2019-04-26,4,1,2019-04-26 05:28:44,2019-04-26 06:28:44,131,1,"1"
"35",87,"B4P9615","EC20000000008001",2019-04-26 11:10:11,2019-04-26 11:24:50,0.539,4.546,455413,455436,"?/I|I/?","IN-OUT","v2",14.7257666667302,2,"B4X1438",2019-04-22,2019-04-26,4,0,2019-04-26 10:55:27,2019-04-26 11:39:38,132,1,"1"
"36",87,"B4P9615","EC20000000008001",2019-04-26 18:46:33,2019-04-27 06:05:22,0.591,2.233,455500,455509,"O/i|I/O","IN-OUT","v2",678.853883334001,2,"B4X1438",2019-04-22,2019-04-27,5,1,2019-04-27 05:35:24,2019-04-27 06:35:24,133,1,"1"
"37",87,"B4P9615","EC20000000008001",2019-04-27 07:04:28,2019-04-27 07:27:12,0.536,2.451,455552,456119,"O/i|I/o","IN-OUT","v2",22.7741833329201,2,"B4X1438",2019-04-22,2019-04-27,5,0,2019-04-27 06:41:41,2019-04-27 07:50:00,134,1,"1"
"38",87,"B4P9615","EC20000000008001",2019-04-27 07:42:51,2019-04-27 08:12:35,0.483,4.533,456124,456129,"O/I|I/O","IN-OUT","v2",29.8088833332062,2,"B4X1438",2019-04-22,2019-04-27,5,0,2019-04-27 07:13:02,2019-04-27 08:42:28,135,1,"1"
"39",87,"B4P9615","EC20000000008001",2019-04-27 09:33:44,2019-04-27 09:47:18,0.474,1.007,456267,456398,"O/I|I/o","IN-OUT","v2",13.5834499994914,2,"B4X1438",2019-04-22,2019-04-27,5,0,2019-04-27 09:20:08,2019-04-27 10:00:54,136,1,"1"
"40",87,"B4P9615","EC20000000008001",2019-04-27 10:05:27,2019-04-27 10:23:16,0.642,2.214,456403,456408,"O/I|I/O","IN-OUT","v2",17.8535666664441,2,"B4X1438",2019-04-22,2019-04-27,5,0,2019-04-27 09:47:35,2019-04-27 10:41:09,137,1,"1"
"41",87,"B4P9615","EC20000000008001",2019-04-27 10:29:26,2019-04-27 10:51:28,0.589,2.851,456413,456459,"O/I|I/o","IN-OUT","v2",22.0808500011762,2,"B4X1438",2019-04-22,2019-04-27,5,0,2019-04-27 10:07:21,2019-04-27 11:13:35,138,1,"1"
"42",87,"B4P9615","EC20000000008001",2019-04-27 11:05:17,2019-04-27 11:19:51,0.591,2.511,456464,456507,"O/i|I/o","IN-OUT","v2",14.6085166652997,2,"B4X1438",2019-04-22,2019-04-27,5,0,2019-04-27 10:50:40,2019-04-27 11:34:30,139,1,"1"
"43",87,"B4P9615","EC20000000008001",2019-04-27 11:36:10,2019-04-27 11:51:29,0.644,4.885,456514,456558,"O/I|I/o","IN-OUT","v2",15.3980833331744,2,"B4X1438",2019-04-22,2019-04-27,5,0,2019-04-27 11:20:46,2019-04-27 12:06:57,140,1,"1"
"44",87,"B4P9615","EC20000000008001",2019-04-27 12:10:16,2019-04-27 12:28:04,0.64,3.782,456563,456570,"O/I|I/o","IN-OUT","v2",17.8630333344142,2,"B4X1438",2019-04-22,2019-04-27,5,0,2019-04-27 11:52:24,2019-04-27 12:45:59,141,1,"1"
"45",87,"B4P9615","EC20000000008001",2019-04-27 13:03:44,2019-04-27 13:16:35,1.76,2.964,456706,456748,"O/I|I/o","IN-OUT","v2",12.8993999997775,2,"B4X1438",2019-04-22,2019-04-27,5,0,2019-04-27 12:50:50,2019-04-27 13:29:31,142,1,"1"
"46",87,"B4P9615","EC20000000008001",2019-04-27 15:19:27,2019-04-27 15:38:08,1.488,1.37,457066,457093,"O/I|I/o","IN-OUT","v2",18.7061666647593,2,"B4X1438",2019-04-22,2019-04-27,5,0,2019-04-27 15:00:44,2019-04-27 15:56:51,143,1,"1"
"47",95,"B4X1864","B5D0000000008001",2019-04-18 20:01:39,2019-04-19 06:02:48,0.944,5.123,266148,266182,"O/i|I/O","IN-OUT","v2",601.235383331776,2,"B4H0784",2019-04-21,2019-04-19,-2,1,2019-04-19 05:32:53,2019-04-19 06:32:53,341,1,"1"
"48",95,"B4X1864","B5D0000000008001",2019-04-19 19:17:55,2019-04-19 19:22:03,0.961,6.053,268224,268231,"O/I|I/o","IN-OUT","v2",4.23421666622162,2,"B4H0784",2019-04-21,2019-04-19,-2,0,2019-04-19 19:13:40,2019-04-19 19:26:23,342,1,"1"
"49",95,"B4X1864","B5D0000000008001",2019-04-20 19:53:08,2019-04-21 06:23:38,1.231,4.333,269379,269403,"O/I|I/O","IN-OUT","v2",630.572216665745,2,"B4H0784",2019-04-21,2019-04-21,0,1,2019-04-21 05:53:42,2019-04-21 06:53:42,343,1,"1"
"50",95,"B4X1864","B5D0000000008001",2019-04-21 19:39:35,2019-04-21 19:47:33,2.02,4.439,269912,269936,"O/I|I/O","IN-OUT","v2",8.04064999818802,2,"B4H0784",2019-04-21,2019-04-21,0,0,2019-04-21 19:31:32,2019-04-21 19:55:39,344,1,"1"
"51",95,"B4X1864","B5D0000000008001",2019-04-21 19:52:53,2019-04-22 06:44:38,3.76,0.612,269941,269968,"O/I|I/o","IN-OUT","v2",651.760199999809,2,"B4H0784",2019-04-21,2019-04-22,1,1,2019-04-22 06:14:38,2019-04-22 07:14:38,345,1,"1"
"52",95,"B4X1864","B5D0000000008001",2019-04-22 07:02:42,2019-04-22 07:05:35,1.902,0.806,269989,270013,"O/i|I/o","IN-OUT","v2",2.8967666665713,2,"B4H0784",2019-04-21,2019-04-22,1,0,2019-04-22 06:59:48,2019-04-22 07:08:29,346,1,"1"
"53",95,"B4X1864","B5D0000000008001",2019-04-22 13:01:04,2019-04-22 13:06:34,0.697,0.796,270120,270146,"O/I|I/o","IN-OUT","v2",5.51326666673025,2,"B4H0784",2019-04-21,2019-04-22,1,0,2019-04-22 12:55:33,2019-04-22 13:12:05,347,1,"1"
"54",95,"B4X1864","B5D0000000008001",2019-04-22 15:00:30,2019-04-22 15:03:21,0.473,5.5,270267,270277,"O/I|I/O","IN-OUT","v2",2.94166666666667,2,"B4H0784",2019-04-21,2019-04-22,1,0,2019-04-22 14:57:33,2019-04-22 15:06:23,348,1,"1"
"55",95,"B4X1864","B5D0000000008001",2019-04-22 17:25:12,2019-04-22 17:56:45,1.504,4.507,270412,270447,"O/I|I/O","IN-OUT","v2",31.625116666158,2,"B4H0784",2019-04-21,2019-04-22,1,0,2019-04-22 16:53:34,2019-04-22 18:28:27,349,1,"1"
"56",95,"B4X1864","B5D0000000008001",2019-04-24 19:35:40,2019-04-25 06:16:27,43.125,3.134,272616,272622,"o/i|I/o","IN-OUT","v2",640.835566667716,2,"B4H0784",2019-04-21,2019-04-25,4,1,2019-04-25 05:46:30,2019-04-25 06:46:30,350,1,"1"
"57",95,"B4X1864","B5D0000000008001",2019-04-25 07:23:08,2019-04-25 07:37:04,0.849,2.885,272686,272720,"O/i|I/o","IN-OUT","v2",13.9814166665077,2,"B4H0784",2019-04-21,2019-04-25,4,0,2019-04-25 07:09:09,2019-04-25 07:51:05,351,1,"1"
"58",95,"B4X1864","B5D0000000008001",2019-04-25 07:41:40,2019-04-25 07:44:23,115.704,1.77,272874,273169,"O/I|I/o","IN-OUT","v2",2.74616666634878,2,"B4H0784",2019-04-21,2019-04-25,4,0,2019-04-25 07:38:55,2019-04-25 07:47:09,352,1,"1"
"59",95,"B4X1864","B5D0000000008001",2019-04-25 13:42:42,2019-04-25 13:53:38,5.819,5.042,273564,273632,"?/i|I/I","IN-OUT","v2",11.0173666675886,2,"B4H0784",2019-04-21,2019-04-25,4,0,2019-04-25 13:31:40,2019-04-25 14:04:44,353,1,"1"
"60",95,"B4X1864","B5D0000000008001",2019-04-25 14:52:38,2019-04-25 15:14:17,0.786,2.105,273721,273757,"O/I|I/o","IN-OUT","v2",21.6850833336512,2,"B4H0784",2019-04-21,2019-04-25,4,0,2019-04-25 14:30:56,2019-04-25 15:36:00,354,1,"1"
"61",95,"B4X1864","B5D0000000008001",2019-04-25 15:54:03,2019-04-25 16:22:17,0.592,2.701,273794,273815,"O/i|I/O","IN-OUT","v2",28.2783499995867,2,"B4H0784",2019-04-21,2019-04-25,4,0,2019-04-25 15:25:46,2019-04-25 16:50:36,355,1,"1"
"62",95,"B4X1864","B5D0000000008001",2019-04-25 17:10:43,2019-04-25 17:27:13,0.908,4.218,273883,273897,"O/I|I/O","IN-OUT","v2",16.5702999989192,2,"B4H0784",2019-04-21,2019-04-25,4,0,2019-04-25 16:54:08,2019-04-25 17:43:51,356,1,"1"
"63",95,"B4X1864","B5D0000000008001",2019-04-25 19:21:28,2019-04-26 06:07:28,0.803,1.082,273904,273916,"O/i|I/?","IN-OUT","v2",646.018033333619,2,"B4H0784",2019-04-21,2019-04-26,5,1,2019-04-26 05:37:29,2019-04-26 06:37:29,357,1,"1"
"64",95,"B4X1864","B5D0000000008001",2019-04-26 06:57:25,2019-04-26 07:24:32,0.691,2.961,273960,273975,"O/i|I/o","IN-OUT","v2",27.1660166660945,2,"B4H0784",2019-04-21,2019-04-26,5,0,2019-04-26 06:30:15,2019-04-26 07:51:44,358,1,"1"
"65",95,"B4X1864","B5D0000000008001",2019-04-26 08:02:50,2019-04-26 08:20:22,1.116,5.826,273982,274004,"O/i|I/O","IN-OUT","v2",17.6304333329201,2,"B4H0784",2019-04-21,2019-04-26,5,0,2019-04-26 07:45:12,2019-04-26 08:38:05,359,1,"1"
"66",95,"B4X1864","B5D0000000008001",2019-04-26 16:35:07,2019-04-26 17:13:56,1.39,5.737,274166,274173,"O/I|I/O","IN-OUT","v2",38.9122833331426,2,"B4H0784",2019-04-21,2019-04-26,5,0,2019-04-26 15:56:12,2019-04-26 17:52:56,360,1,"1"
"67",95,"B4X1864","B5D0000000008001",2019-04-26 17:40:04,2019-04-26 18:14:53,0.967,2.542,274195,274226,"O/I|I/o","IN-OUT","v2",34.8590333342552,2,"B4H0784",2019-04-21,2019-04-26,5,0,2019-04-26 17:05:12,2019-04-26 18:49:47,361,1,"1"
"68",95,"B4X1864","B5D0000000008001",2019-04-26 18:19:19,2019-04-26 18:34:49,0.742,4.898,274235,274252,"O/I|I/o","IN-OUT","v2",15.5816333333651,2,"B4H0784",2019-04-21,2019-04-26,5,0,2019-04-26 18:03:44,2019-04-26 18:50:28,362,1,"1"
"69",95,"B4X1864","B5D0000000008001",2019-04-26 18:41:45,2019-04-26 18:51:57,0.792,2.862,274259,274266,"O/i|I/o","IN-OUT","v2",10.2476999998093,2,"B4H0784",2019-04-21,2019-04-26,5,0,2019-04-26 18:31:30,2019-04-26 19:02:14,363,1,"1"
"70",115,"B4P9328","6220000000008001",2019-04-14 19:36:36,2019-04-15 06:19:26,1.553,2.643,769847,769895,"O/I|I/O","IN-OUT","v2",642.877383331458,2,"B4P8414",2019-04-12,2019-04-15,3,1,2019-04-15 05:49:28,2019-04-15 06:49:28,96,1,"1"
"71",115,"B4P9328","6220000000008001",2019-04-15 06:32:40,2019-04-15 06:50:50,1.578,6.158,769900,769914,"O/I|I/I","IN-OUT","v2",18.2692999998728,2,"B4P8414",2019-04-12,2019-04-15,3,0,2019-04-15 06:14:23,2019-04-15 07:09:12,97,1,"1"
"72",115,"B4P9328","6220000000008001",2019-04-15 19:48:08,2019-04-16 06:14:04,0.757,4.311,770001,770026,"?/I|I/O","IN-OUT","v2",626.005183335145,2,"B4P8414",2019-04-12,2019-04-16,4,1,2019-04-16 05:44:08,2019-04-16 06:44:08,98,1,"1"
"73",115,"B4P9328","6220000000008001",2019-04-16 06:27:11,2019-04-16 06:42:19,3.144,3.72,770033,770065,"O/I|I/O","IN-OUT","v2",15.1953333338102,2,"B4P8414",2019-04-12,2019-04-16,4,0,2019-04-16 06:11:59,2019-04-16 06:57:34,99,1,"1"
"74",115,"B4P9328","6220000000008001",2019-04-16 11:45:08,2019-04-16 11:48:10,5.886,4.663,770446,770471,"O/I|I/O","IN-OUT","v2",3.11105000178019,2,"B4P8414",2019-04-12,2019-04-16,4,0,2019-04-16 11:42:01,2019-04-16 11:51:21,100,1,"1"
"75",122,"B4X1790","43D0000000008001",2019-04-12 19:43:48,2019-04-13 06:19:48,3.06,3.49,3591219,3591229,"O/I|I/O","IN-OUT","v2",636.058166666826,2,"B4P9113",2019-04-14,2019-04-13,-1,1,2019-04-13 05:49:51,2019-04-13 06:49:51,285,1,"0"
"76",122,"B4X1790","43D0000000008001",2019-04-13 19:40:56,2019-04-13 19:42:59,2.615,4.933,3591612,3591619,"O/I|I/O","IN-OUT","v2",2.13221666812897,2,"B4P9113",2019-04-14,2019-04-13,-1,0,2019-04-13 19:38:48,2019-04-13 19:45:11,286,1,"0"
"77",125,"B4H0150","0A2213A801AF0001",2019-04-08 19:42:36,2019-04-09 06:27:35,3.112,5.223,299640,299647,"O/I|I/o","IN-OUT","v2",645.07038333416,2,"B4X1240",2019-04-09,2019-04-09,0,1,2019-04-09 05:57:40,2019-04-09 06:57:40,3,1,"1"
"78",125,"B4H0150","0A2213A801AF0001",2019-04-09 06:42:42,2019-04-09 07:04:20,0.964,3.874,299657,299724,"O/i|I/o","IN-OUT","v2",21.697900001208,2,"B4X1240",2019-04-09,2019-04-09,0,0,2019-04-09 06:21:00,2019-04-09 07:26:05,4,1,"1"
"79",125,"B4H0150","0A2213A801AF0001",2019-04-09 19:41:19,2019-04-10 06:40:13,2.016,4.842,300112,300184,"O/I|I/o","IN-OUT","v2",658.980700000127,2,"B4X1240",2019-04-09,2019-04-10,1,1,2019-04-10 06:10:17,2019-04-10 07:10:17,5,1,"1"
"80",125,"B4H0150","0A2213A801AF0001",2019-04-10 06:54:13,2019-04-10 07:14:30,1.185,2.694,300196,300343,"O/I|I/o","IN-OUT","v2",20.3282333334287,2,"B4X1240",2019-04-09,2019-04-10,1,0,2019-04-10 06:33:53,2019-04-10 07:34:52,6,1,"1"
"81",125,"B4H0150","0A2213A801AF0001",2019-04-12 19:22:04,2019-04-13 06:24:12,2.638,4.357,301630,301647,"O/I|I/o","IN-OUT","v2",662.205950001876,2,"B4X1240",2019-04-09,2019-04-13,4,1,2019-04-13 05:54:16,2019-04-13 06:54:16,7,1,"1"
"82",125,"B4H0150","0A2213A801AF0001",2019-04-13 06:49:02,2019-04-13 07:08:52,3.279,4.381,301654,301783,"O/I|I/o","IN-OUT","v2",19.9063500006994,2,"B4X1240",2019-04-09,2019-04-13,4,0,2019-04-13 06:29:07,2019-04-13 07:28:50,8,1,"1"
"83",125,"B4H0150","0A2213A801AF0001",2019-04-13 07:42:52,2019-04-13 08:08:16,1.971,3.45,301790,301951,"O/I|I/o","IN-OUT","v2",25.4575000007947,2,"B4X1240",2019-04-09,2019-04-13,4,0,2019-04-13 07:17:24,2019-04-13 08:33:46,9,1,"1"
"84",125,"B4H0150","0A2213A801AF0001",2019-04-13 08:12:07,2019-04-13 08:15:28,1.632,2.5,301970,302009,"O/I|I/o","IN-OUT","v2",3.39166666666667,2,"B4X1240",2019-04-09,2019-04-13,4,0,2019-04-13 08:08:43,2019-04-13 08:18:54,10,1,"1"
"85",125,"B4H0150","0A2213A801AF0001",2019-04-13 19:28:05,2019-04-14 06:41:35,2.101,2.486,302433,302490,"O/I|I/o","IN-OUT","v2",673.541433334351,2,"B4X1240",2019-04-09,2019-04-14,5,1,2019-04-14 06:11:37,2019-04-14 07:11:37,11,1,"1"
"86",125,"B4H0150","0A2213A801AF0001",2019-04-14 07:43:52,2019-04-14 07:51:38,1.263,1.223,302621,302758,"O/I|I/O","IN-OUT","v2",7.78705000082652,2,"B4X1240",2019-04-09,2019-04-14,5,0,2019-04-14 07:36:04,2019-04-14 07:59:26,12,1,"1"
"87",125,"B4H0150","0A2213A801AF0001",2019-04-14 11:06:04,2019-04-14 11:08:02,1.434,2.257,303071,303171,"O/I|I/o","IN-OUT","v2",2.00428333282471,2,"B4X1240",2019-04-09,2019-04-14,5,0,2019-04-14 11:04:03,2019-04-14 11:10:04,13,1,"1"
"88",129,"B4P9373","EFD0000000008001",2019-04-20 19:52:45,2019-04-21 06:01:07,2.484,2.885,2520375,2520405,"o/i|I/O","IN-OUT","v2",608.414749999841,2,"B4H0176",2019-04-21,2019-04-21,0,1,2019-04-21 05:31:09,2019-04-21 06:31:09,117,1,"1"
"89",129,"B4P9373","EFD0000000008001",2019-04-21 06:28:45,2019-04-21 06:44:46,0.641,2.557,2520474,2520575,"O/I|i/o","IN-OUT","v2",16.05928333203,2,"B4H0176",2019-04-21,2019-04-21,0,0,2019-04-21 06:12:41,2019-04-21 07:00:52,118,1,"1"
"90",136,"B4P1849","A9D0000000008001",2019-04-21 20:08:02,2019-04-22 06:28:48,1.292,1.882,647528,647543,"O/i|I/o","IN-OUT","v2",620.798033332825,2,"B4P8598",2019-04-20,2019-04-22,2,1,2019-04-22 05:58:49,2019-04-22 06:58:49,34,1,"1"
"91",136,"B4P1849","A9D0000000008001",2019-04-22 07:45:29,2019-04-22 07:58:10,1.61,3.504,647548,647555,"O/I|I/O","IN-OUT","v2",12.741733332475,2,"B4P8598",2019-04-20,2019-04-22,2,0,2019-04-22 07:32:44,2019-04-22 08:10:58,35,1,"1"
"92",136,"B4P1849","A9D0000000008001",2019-04-22 14:57:33,2019-04-22 15:01:01,2.793,2.328,647856,647935,"O/i|I/O","IN-OUT","v2",3.50546666781108,2,"B4P8598",2019-04-20,2019-04-22,2,0,2019-04-22 14:54:02,2019-04-22 15:04:33,36,1,"1"
"93",136,"B4P1849","A9D0000000008001",2019-04-23 19:43:45,2019-04-24 06:23:46,1.733,1.239,648456,648461,"O/I|I/O","IN-OUT","v2",640.037316668034,2,"B4P8598",2019-04-20,2019-04-24,4,1,2019-04-24 05:53:47,2019-04-24 06:53:47,37,1,"1"
"94",136,"B4P1849","A9D0000000008001",2019-04-24 15:44:19,2019-04-24 15:51:55,1.232,2.924,648700,648717,"O/i|I/o","IN-OUT","v2",7.64873333374659,2,"B4P8598",2019-04-20,2019-04-24,4,0,2019-04-24 15:36:40,2019-04-24 15:59:36,38,1,"1"
"95",158,"B4P8229","EB2213A801AF0001",2019-04-10 19:23:05,2019-04-11 06:38:20,1.883,4.402,184078,184110,"?/I|I/o","IN-OUT","v2",675.32336666584,2,"B4X1267",2019-04-13,2019-04-11,-2,1,2019-04-11 06:08:24,2019-04-11 07:08:24,58,1,"1"
"96",158,"B4P8229","EB2213A801AF0001",2019-04-11 08:33:49,2019-04-11 08:39:22,8.395,1.06,184154,184169,"I/i|I/o","IN-OUT","v2",5.56766666571299,2,"B4X1267",2019-04-13,2019-04-11,-2,0,2019-04-11 08:28:14,2019-04-11 08:44:57,59,1,"1"
"97",172,"B4X1861","22D0000000008001",2019-04-12 19:49:24,2019-04-13 06:21:05,1.558,3.888,4663201,4663208,"O/i|I/o","IN-OUT","v2",631.748133333524,2,"B4H0158",2019-04-16,2019-04-13,-3,1,2019-04-13 05:51:08,2019-04-13 06:51:08,328,1,"0"
"98",172,"B4X1861","22D0000000008001",2019-04-13 09:48:01,2019-04-13 09:53:24,0.967,3.281,4663354,4663361,"O/i|I/o","IN-OUT","v2",5.43801666498184,2,"B4H0158",2019-04-16,2019-04-13,-3,0,2019-04-13 09:42:34,2019-04-13 09:58:53,329,1,"0"
"99",172,"B4X1861","22D0000000008001",2019-04-14 19:13:45,2019-04-15 10:01:20,0.862,2.644,4663881,4664427,"O/i|I/?","IN-OUT","v2",887.62740000089,2,"B4H0158",2019-04-16,2019-04-15,-1,1,2019-04-15 09:31:22,2019-04-15 10:31:22,330,1,"0"
"100",172,"B4X1861","22D0000000008001",2019-04-15 11:39:29,2019-04-15 11:57:18,2.605,2.231,4664467,4664703,"O/I|I/o","IN-OUT","v2",17.8538499991099,2,"B4H0158",2019-04-16,2019-04-15,-1,0,2019-04-15 11:21:37,2019-04-15 12:15:11,331,1,"0"
"101",174,"B4X1865","6FD0000000008001",2019-04-16 20:06:27,2019-04-17 06:13:21,1.185,6.297,645916,645953,"O/I|I/o","IN-OUT","v2",607.004949998856,2,"B4X8890",2019-04-19,2019-04-17,-2,1,2019-04-17 05:43:27,2019-04-17 06:43:27,364,1,"0"
"102",174,"B4X1865","6FD0000000008001",2019-04-17 07:30:37,2019-04-17 07:33:14,1.126,2.259,645964,645986,"O/i|I/O","IN-OUT","v2",2.65431666771571,2,"B4X8890",2019-04-19,2019-04-17,-2,0,2019-04-17 07:27:57,2019-04-17 07:35:55,365,1,"0"
"103",174,"B4X1865","6FD0000000008001",2019-04-18 19:51:57,2019-04-19 06:03:33,1.185,3.06,648701,648745,"O/i|I/o","IN-OUT","v2",611.650999999046,2,"B4X8890",2019-04-19,2019-04-19,0,1,2019-04-19 05:33:36,2019-04-19 06:33:36,366,1,"0"
"104",174,"B4X1865","6FD0000000008001",2019-04-19 06:25:09,2019-04-19 06:50:47,1.494,5.677,648750,648798,"O/I|I/o","IN-OUT","v2",25.7279500007629,2,"B4X8890",2019-04-19,2019-04-19,0,0,2019-04-19 05:59:25,2019-04-19 07:16:36,367,1,"0"
"105",174,"B4X1865","6FD0000000008001",2019-04-20 19:50:32,2019-04-21 06:02:00,0.86,5.504,649519,649531,"O/I|I/o","IN-OUT","v2",611.558399999142,2,"B4X8890",2019-04-19,2019-04-21,2,1,2019-04-21 05:32:05,2019-04-21 06:32:05,368,1,"0"
"106",174,"B4X1865","6FD0000000008001",2019-04-21 19:15:24,2019-04-21 19:17:31,1.023,6.35,649675,649682,"O/i|I/o","IN-OUT","v2",2.22249999841054,2,"B4X8890",2019-04-19,2019-04-21,2,0,2019-04-21 19:13:10,2019-04-21 19:19:50,369,1,"0"
"107",174,"B4X1865","6FD0000000008001",2019-04-21 19:41:37,2019-04-22 05:58:19,0.802,5.767,649692,649708,"O/I|I/o","IN-OUT","v2",616.796116665999,2,"B4X8890",2019-04-19,2019-04-22,3,1,2019-04-22 05:28:24,2019-04-22 06:28:24,370,1,"0"
"108",174,"B4X1865","6FD0000000008001",2019-04-22 06:14:03,2019-04-22 06:36:39,0.642,2.858,649720,649730,"O/i|I/o","IN-OUT","v2",22.6476333340009,2,"B4X8890",2019-04-19,2019-04-22,3,0,2019-04-22 05:51:24,2019-04-22 06:59:20,371,1,"0"
"109",174,"B4X1865","6FD0000000008001",2019-04-22 07:49:42,2019-04-22 08:03:38,0.803,5.779,649755,649769,"O/i|I/O","IN-OUT","v2",14.0296500007312,2,"B4X8890",2019-04-19,2019-04-22,3,0,2019-04-22 07:35:40,2019-04-22 08:17:45,372,1,"0"
"110",174,"B4X1865","6FD0000000008001",2019-04-23 18:43:35,2019-04-24 06:17:15,0.74,1.076,650567,650592,"?/I|i/?","IN-OUT","v2",693.684599999587,2,"B4X8890",2019-04-19,2019-04-24,5,1,2019-04-24 05:47:16,2019-04-24 06:47:16,373,1,"0"
"111",174,"B4X1865","6FD0000000008001",2019-04-24 09:43:58,2019-04-24 09:53:04,0.753,4.853,650801,650822,"?/I|I/?","IN-OUT","v2",9.18088333209356,2,"B4X8890",2019-04-19,2019-04-24,5,0,2019-04-24 09:34:47,2019-04-24 10:02:19,374,1,"0"
"112",175,"B4P9973","2120000000008001",2019-04-12 17:58:52,2019-04-13 08:52:17,10.84,1.562,359741,359956,"O/I|I/o","IN-OUT","v2",893.442700000604,2,"B4X1608",2019-04-18,2019-04-13,-5,1,2019-04-13 08:22:18,2019-04-13 09:22:18,148,1,"1"
"113",175,"B4P9973","2120000000008001",2019-04-13 11:59:24,2019-04-13 12:15:57,2.619,2.656,360760,360851,"O/I|I/O","IN-OUT","v2",16.5942666649818,2,"B4X1608",2019-04-18,2019-04-13,-5,0,2019-04-13 11:42:48,2019-04-13 12:32:35,149,1,"1"
"114",175,"B4P9973","2120000000008001",2019-04-14 19:40:23,2019-04-15 06:32:03,14.038,6.211,361843,361879,"O/I|I/O","IN-OUT","v2",651.770183332761,2,"B4X1608",2019-04-18,2019-04-15,-3,1,2019-04-15 06:02:09,2019-04-15 07:02:09,150,1,"1"
"115",175,"B4P9973","2120000000008001",2019-04-15 07:43:17,2019-04-15 07:49:02,2.302,1.639,361925,361950,"O/I|I/o","IN-OUT","v2",5.77731666564941,2,"B4X1608",2019-04-18,2019-04-15,-3,0,2019-04-15 07:37:30,2019-04-15 07:54:50,151,1,"1"
"116",175,"B4P9973","2120000000008001",2019-04-16 19:55:12,2019-04-17 06:20:46,2.283,5.74,363022,363038,"O/I|I/O","IN-OUT","v2",625.662333333492,2,"B4X1608",2019-04-18,2019-04-17,-1,1,2019-04-17 05:50:51,2019-04-17 06:50:51,152,1,"1"
"117",175,"B4P9973","2120000000008001",2019-04-17 07:41:37,2019-04-17 07:43:36,6.105,2.542,363061,363076,"O/I|I/O","IN-OUT","v2",2.02570000092189,2,"B4X1608",2019-04-18,2019-04-17,-1,0,2019-04-17 07:39:35,2019-04-17 07:45:40,153,1,"1"
"118",175,"B4P9973","2120000000008001",2019-04-17 19:39:30,2019-04-17 20:00:13,1.662,5.368,363188,363225,"O/I|I/o","IN-OUT","v2",20.806133333842,2,"B4X1608",2019-04-18,2019-04-17,-1,0,2019-04-17 19:18:41,2019-04-17 20:21:06,154,1,"1"
"119",175,"B4P9973","2120000000008001",2019-04-18 19:36:50,2019-04-19 06:31:00,1.349,4.222,363521,363526,"O/I|I/O","IN-OUT","v2",654.237033331394,2,"B4X1608",2019-04-18,2019-04-19,1,1,2019-04-19 06:01:04,2019-04-19 07:01:04,157,1,"1"
"120",175,"B4P9973","2120000000008001",2019-04-19 07:45:41,2019-04-19 08:05:36,4.458,4.796,363660,363669,"O/I|I/O","IN-OUT","v2",19.9966000000636,2,"B4X1608",2019-04-18,2019-04-19,1,0,2019-04-19 07:25:41,2019-04-19 08:25:40,158,1,"1"
"121",175,"B4P9973","2120000000008001",2019-04-22 19:31:04,2019-04-23 06:23:51,4.569,3.892,364496,364509,"O/I|I/o","IN-OUT","v2",652.848199999332,2,"B4X1608",2019-04-18,2019-04-23,5,1,2019-04-23 05:53:54,2019-04-23 06:53:54,159,1,"1"
"122",175,"B4P9973","2120000000008001",2019-04-23 18:34:57,2019-04-23 18:55:33,2.785,3.891,364841,364851,"O/I|I/o","IN-OUT","v2",20.6648500005404,2,"B4X1608",2019-04-18,2019-04-23,5,0,2019-04-23 18:14:17,2019-04-23 19:16:16,160,1,"1"
"123",175,"B4P9973","2120000000008001",2019-04-23 19:18:45,2019-04-23 19:38:51,4.619,5.299,364856,364868,"O/I|I/O","IN-OUT","v2",20.1883166670799,2,"B4X1608",2019-04-18,2019-04-23,5,0,2019-04-23 18:58:33,2019-04-23 19:59:07,161,1,"1"
"124",178,"B4P8569","BF0213A801AF0001",2019-04-23 19:51:46,2019-04-24 08:16:32,0.974,2.747,1166915,1167132,"O/I|I/o","IN-OUT","v2",744.81244999965,2,"B4P9211",2019-04-20,2019-04-24,4,1,2019-04-24 07:46:34,2019-04-24 08:46:34,66,1,"1"
"125",178,"B4P8569","BF0213A801AF0001",2019-04-24 09:25:39,2019-04-24 09:31:02,0.702,5.29,1167171,1167176,"O/I|I/O","IN-OUT","v2",5.47149999936422,2,"B4P9211",2019-04-20,2019-04-24,4,0,2019-04-24 09:20:10,2019-04-24 09:36:35,67,1,"1"
"126",179,"B4X1782","A7D0000000008001",2019-04-11 19:34:10,2019-04-12 06:37:50,0.862,2.386,223333,223346,"O/i|I/I","IN-OUT","v2",663.706433331966,2,"B4H0223",2019-04-17,2019-04-12,-5,1,2019-04-12 06:07:52,2019-04-12 07:07:52,281,1,"0"
"127",179,"B4X1782","A7D0000000008001",2019-04-12 08:19:00,2019-04-12 09:04:25,0.922,4.96,223381,223403,"O/i|I/o","IN-OUT","v2",45.4993333339691,2,"B4H0223",2019-04-17,2019-04-12,-5,0,2019-04-12 07:33:30,2019-04-12 09:49:59,282,1,"0"
"128",179,"B4X1782","A7D0000000008001",2019-04-18 19:57:29,2019-04-19 06:29:02,1.086,1.688,230493,230586,"O/I|I/O","IN-OUT","v2",631.578133332729,2,"B4H0223",2019-04-17,2019-04-19,2,1,2019-04-19 05:59:03,2019-04-19 06:59:03,283,1,"0"
"129",179,"B4X1782","A7D0000000008001",2019-04-19 07:32:44,2019-04-19 07:35:08,2.078,1.081,230993,231016,"O/I|I/O","IN-OUT","v2",2.41801666816076,2,"B4H0223",2019-04-17,2019-04-19,2,0,2019-04-19 07:30:18,2019-04-19 07:37:34,284,1,"0"
"130",187,"B4P9333","2C20000000008001",2019-04-12 19:39:53,2019-04-13 06:45:34,0.75,1.283,587528,587533,"O/i|I/o","IN-OUT","v2",665.70471666654,2,"B4X1579",2019-04-13,2019-04-13,0,1,2019-04-13 06:15:35,2019-04-13 07:15:35,101,1,"1"
"131",187,"B4P9333","2C20000000008001",2019-04-13 07:46:21,2019-04-13 07:55:40,0.645,2.648,587540,587570,"O/i|I/I","IN-OUT","v2",9.36080000003179,2,"B4X1579",2019-04-13,2019-04-13,0,0,2019-04-13 07:36:59,2019-04-13 08:05:04,102,1,"1"
"132",187,"B4P9333","2C20000000008001",2019-04-14 19:48:58,2019-04-15 06:46:12,0.851,4.125,587835,587844,"O/i|I/o","IN-OUT","v2",657.302083333333,2,"B4X1579",2019-04-13,2019-04-15,2,1,2019-04-15 06:16:16,2019-04-15 07:16:16,103,1,"1"
"133",187,"B4P9333","2C20000000008001",2019-04-15 07:42:35,2019-04-15 07:48:29,0.642,1.085,587851,587856,"O/i|I/o","IN-OUT","v2",5.91808333396912,2,"B4X1579",2019-04-13,2019-04-15,2,0,2019-04-15 07:36:39,2019-04-15 07:54:25,104,1,"1"
"134",187,"B4P9333","2C20000000008001",2019-04-15 15:36:29,2019-04-15 15:56:12,7.733,1.434,587986,588016,"O/I|I/O","IN-OUT","v2",19.740566666921,2,"B4X1579",2019-04-13,2019-04-15,2,0,2019-04-15 15:16:44,2019-04-15 16:15:57,105,1,"1"
"135",187,"B4P9333","2C20000000008001",2019-04-15 19:55:16,2019-04-16 06:41:55,0.428,3.606,588033,588042,"O/i|I/o","IN-OUT","v2",646.71009999911,2,"B4X1579",2019-04-13,2019-04-16,3,1,2019-04-16 06:11:58,2019-04-16 07:11:58,106,1,"1"
"136",187,"B4P9333","2C20000000008001",2019-04-16 12:23:58,2019-04-16 12:57:00,3.952,5.496,588323,588345,"O/I|I/o","IN-OUT","v2",33.1249333341916,2,"B4X1579",2019-04-13,2019-04-16,3,0,2019-04-16 11:50:50,2019-04-16 13:30:12,107,1,"1"
"137",187,"B4P9333","2C20000000008001",2019-04-16 19:51:12,2019-04-17 06:37:58,0.59,4.242,588419,588442,"O/i|I/O","IN-OUT","v2",646.837366668383,2,"B4X1579",2019-04-13,2019-04-17,4,1,2019-04-17 06:08:02,2019-04-17 07:08:02,108,1,"1"
"138",187,"B4P9333","2C20000000008001",2019-04-17 07:25:26,2019-04-17 07:42:40,0.537,2.313,588449,588454,"o/I|I/?","IN-OUT","v2",17.2718833327293,2,"B4X1579",2019-04-13,2019-04-17,4,0,2019-04-17 07:08:09,2019-04-17 07:59:58,109,1,"1"
"139",187,"B4P9333","2C20000000008001",2019-04-17 08:50:46,2019-04-17 09:08:18,0.481,1.717,588459,588480,"?/I|I/o","IN-OUT","v2",17.5619500001272,2,"B4X1579",2019-04-13,2019-04-17,4,0,2019-04-17 08:33:12,2019-04-17 09:25:53,110,1,"1"
"140",194,"B4X1870","63D0000000008001",2019-04-20 19:48:27,2019-04-21 06:08:09,1.188,5.167,261103,261108,"O/I|I/O","IN-OUT","v2",619.786116667589,2,"B4H0391",2019-04-19,2019-04-21,2,1,2019-04-21 05:38:14,2019-04-21 06:38:14,379,1,"0"
"141",194,"B4X1870","63D0000000008001",2019-04-21 15:39:17,2019-04-21 16:00:55,2.583,3.674,261514,261535,"O/I|I/I","IN-OUT","v2",21.6945666670799,2,"B4H0391",2019-04-19,2019-04-21,2,0,2019-04-21 15:17:35,2019-04-21 16:22:40,380,1,"0"
"142",194,"B4X1870","63D0000000008001",2019-04-21 19:50:07,2019-04-22 06:05:01,0.918,3.179,261637,261642,"O/I|I/o","IN-OUT","v2",614.95298333168,2,"B4H0391",2019-04-19,2019-04-22,3,1,2019-04-22 05:35:04,2019-04-22 06:35:04,381,1,"0"
"143",194,"B4X1870","63D0000000008001",2019-04-22 06:14:52,2019-04-22 06:34:47,0.851,2.552,261651,261677,"O/I|I/o","IN-OUT","v2",19.9592000007629,2,"B4H0391",2019-04-19,2019-04-22,3,0,2019-04-22 05:54:54,2019-04-22 06:54:47,382,1,"0"
"144",194,"B4X1870","63D0000000008001",2019-04-22 11:24:28,2019-04-22 11:26:26,5.812,3.319,262089,262105,"O/I|I/O","IN-OUT","v2",2.0219833334287,2,"B4H0391",2019-04-19,2019-04-22,3,0,2019-04-22 11:22:26,2019-04-22 11:28:30,383,1,"0"
"145",204,"B4X1355","3BE0000000008001",2019-04-16 19:37:08,2019-04-17 06:39:31,1.131,3.359,706163,706192,"O/I|I/O","IN-OUT","v2",662.439316666126,2,"B4P9640",2019-04-14,2019-04-17,3,1,2019-04-17 06:09:34,2019-04-17 07:09:34,240,1,"1"
"146",204,"B4X1355","3BE0000000008001",2019-04-17 08:09:03,2019-04-17 08:17:46,8.487,5.052,706790,706830,"o/i|I/O","IN-OUT","v2",8.80086666742961,2,"B4P9640",2019-04-14,2019-04-17,3,0,2019-04-17 08:00:14,2019-04-17 08:26:39,241,1,"1"
"147",211,"B4X1073","D9E0000000008001",2019-04-13 19:34:25,2019-04-14 06:30:45,1.024,5.917,200247,200271,"O/I|I/o","IN-OUT","v2",656.431950000922,2,"B4X1022",2019-04-19,2019-04-14,-5,1,2019-04-14 06:00:50,2019-04-14 07:00:50,196,1,"1"
"148",211,"B4X1073","D9E0000000008001",2019-04-14 09:38:34,2019-04-14 09:41:49,0.483,4.767,200326,200331,"O/I|I/o","IN-OUT","v2",3.32944999933243,2,"B4X1022",2019-04-19,2019-04-14,-5,0,2019-04-14 09:35:14,2019-04-14 09:45:13,197,1,"1"
"149",211,"B4X1073","D9E0000000008001",2019-04-15 19:46:11,2019-04-16 06:19:02,1.336,2.877,200978,201006,"O/I|I/o","IN-OUT","v2",632.897950001558,2,"B4X1022",2019-04-19,2019-04-16,-3,1,2019-04-16 05:49:04,2019-04-16 06:49:04,198,1,"1"
"150",211,"B4X1073","D9E0000000008001",2019-04-16 08:53:32,2019-04-16 09:05:17,0.483,5.219,201090,201106,"O/I|I/?","IN-OUT","v2",11.8369833350182,2,"B4X1022",2019-04-19,2019-04-16,-3,0,2019-04-16 08:41:41,2019-04-16 09:17:12,199,1,"1"
"151",224,"B4P8714","05C0000000008001",2019-04-21 19:43:43,2019-04-22 06:28:12,1.929,4.658,522656,522691,"O/I|I/o","IN-OUT","v2",644.560966666539,2,"B4X1777",2019-04-20,2019-04-22,2,1,2019-04-22 05:58:16,2019-04-22 06:58:16,73,1,"1"
"152",224,"B4P8714","05C0000000008001",2019-04-22 10:46:45,2019-04-22 11:08:05,3.852,2.05,523011,523063,"O/I|I/o","IN-OUT","v2",21.3674999992053,2,"B4X1777",2019-04-20,2019-04-22,2,0,2019-04-22 10:25:22,2019-04-22 11:29:29,74,1,"1"
"153",224,"B4P8714","05C0000000008001",2019-04-23 19:49:06,2019-04-24 06:20:26,1.823,2.927,523928,524039,"?/I|I/o","IN-OUT","v2",631.38211666743,2,"B4X1777",2019-04-20,2019-04-24,4,1,2019-04-24 05:50:28,2019-04-24 06:50:28,75,1,"1"
"154",224,"B4P8714","05C0000000008001",2019-04-24 11:57:51,2019-04-24 12:26:09,8.859,4.316,524793,524814,"O/I|I/o","IN-OUT","v2",28.371933333079,2,"B4X1777",2019-04-20,2019-04-24,4,0,2019-04-24 11:29:28,2019-04-24 12:54:35,76,1,"1"
"155",227,"B4X1460","A4D0000000008001",2019-04-20 20:03:08,2019-04-21 06:28:03,1.228,4.12,1296569,1296574,"O/I|I/o","IN-OUT","v2",624.985333331426,2,"B4X1306",2019-04-21,2019-04-21,0,1,2019-04-21 05:58:07,2019-04-21 06:58:07,242,1,"1"
"156",227,"B4X1460","A4D0000000008001",2019-04-21 08:50:11,2019-04-21 08:52:17,0.693,4.558,1296652,1296657,"O/I|I/O","IN-OUT","v2",2.17596666812897,2,"B4X1306",2019-04-21,2019-04-21,0,0,2019-04-21 08:48:00,2019-04-21 08:54:32,243,1,"1"
"157",227,"B4X1460","A4D0000000008001",2019-04-25 20:32:26,2019-04-26 06:21:00,0.943,4.66,1300699,1300710,"O/I|I/o","IN-OUT","v2",588.644333334764,2,"B4X1306",2019-04-21,2019-04-26,5,1,2019-04-26 05:51:04,2019-04-26 06:51:04,244,1,"1"
"158",227,"B4X1460","A4D0000000008001",2019-04-26 06:54:52,2019-04-26 07:32:28,1.329,2.597,1300715,1300743,"O/I|I/O","IN-OUT","v2",37.6432833313942,2,"B4X1306",2019-04-21,2019-04-26,5,0,2019-04-26 06:17:13,2019-04-26 08:10:09,245,1,"1"
"159",227,"B4X1460","A4D0000000008001",2019-04-26 08:45:01,2019-04-26 09:12:00,0.8,2.841,1300758,1300765,"O/i|I/O","IN-OUT","v2",27.0306833346685,2,"B4X1306",2019-04-21,2019-04-26,5,0,2019-04-26 08:17:59,2019-04-26 09:39:04,246,1,"1"
"160",227,"B4X1460","A4D0000000008001",2019-04-26 12:33:10,2019-04-26 12:58:18,0.749,3.596,1300864,1300885,"O/I|i/o","IN-OUT","v2",25.1932666659355,2,"B4X1306",2019-04-21,2019-04-26,5,0,2019-04-26 12:07:58,2019-04-26 13:23:33,247,1,"1"
"161",227,"B4X1460","A4D0000000008001",2019-04-26 17:44:07,2019-04-26 17:57:01,0.852,5.73,1301012,1301046,"O/I|I/o","IN-OUT","v2",12.9955000003179,2,"B4X1306",2019-04-21,2019-04-26,5,0,2019-04-26 17:31:07,2019-04-26 18:10:06,248,1,"1"
"162",244,"B4P8247","1F0213A801AF0001",2019-04-16 19:52:11,2019-04-17 06:49:23,0.961,1.178,748587,748616,"O/I|I/o","IN-OUT","v2",657.219633332888,2,"B4P9945",2019-04-13,2019-04-17,4,1,2019-04-17 06:19:24,2019-04-17 07:19:24,62,1,"1"
"163",244,"B4P8247","1F0213A801AF0001",2019-04-17 08:07:15,2019-04-17 08:54:59,0.749,0.856,748621,748637,"O/I|I/I","IN-OUT","v2",47.7475999991099,2,"B4P9945",2019-04-13,2019-04-17,4,0,2019-04-17 07:19:30,2019-04-17 09:42:44,63,1,"1"
"164",252,"B4X1818","F6D0000000008001",2019-04-23 19:49:13,2019-04-24 06:30:29,13.555,4.059,885910,885970,"o/i|I/o","IN-OUT","v2",641.334316666921,2,"B4H0867",2019-04-20,2019-04-24,4,1,2019-04-24 06:00:33,2019-04-24 07:00:33,294,1,"0"
"165",252,"B4X1818","F6D0000000008001",2019-04-24 10:22:57,2019-04-24 10:24:54,4.46,4.53,886309,886342,"O/I|I/I","IN-OUT","v2",2.02549999952316,2,"B4H0867",2019-04-20,2019-04-24,4,0,2019-04-24 10:20:55,2019-04-24 10:27:00,295,1,"0"
"166",252,"B4X1818","F6D0000000008001",2019-04-24 11:20:06,2019-04-24 11:23:10,1.319,3.672,886570,886575,"O/I|I/O","IN-OUT","v2",3.12786666552226,2,"B4H0867",2019-04-20,2019-04-24,4,0,2019-04-24 11:16:58,2019-04-24 11:26:21,296,1,"0"
"167",252,"B4X1818","F6D0000000008001",2019-04-24 13:08:23,2019-04-24 13:13:38,3.73,1.35,886720,886764,"O/I|I/o","IN-OUT","v2",5.27249999841054,2,"B4H0867",2019-04-20,2019-04-24,4,0,2019-04-24 13:03:06,2019-04-24 13:18:55,297,1,"0"
"168",252,"B4X1818","F6D0000000008001",2019-04-24 13:46:03,2019-04-24 13:51:36,3.951,2.174,886880,886913,"O/I|I/o","IN-OUT","v2",5.58623333374659,2,"B4H0867",2019-04-20,2019-04-24,4,0,2019-04-24 13:40:27,2019-04-24 13:57:13,298,1,"0"
"169",252,"B4X1818","F6D0000000008001",2019-04-24 16:49:16,2019-04-24 16:55:43,1.38,0.902,887176,887215,"O/I|I/?","IN-OUT","v2",6.46503333250682,2,"B4H0867",2019-04-20,2019-04-24,4,0,2019-04-24 16:42:48,2019-04-24 17:02:11,299,1,"0"
"170",252,"B4X1818","F6D0000000008001",2019-04-24 19:26:12,2019-04-25 06:23:59,10.997,1.352,887236,887318,"?/i|I/O","IN-OUT","v2",657.805866666635,2,"B4H0867",2019-04-20,2019-04-25,5,1,2019-04-25 05:54:00,2019-04-25 06:54:00,300,1,"0"
"171",252,"B4X1818","F6D0000000008001",2019-04-25 09:02:00,2019-04-25 09:04:09,2.081,1.237,887420,887441,"O/I|I/O","IN-OUT","v2",2.17061666647593,2,"B4H0867",2019-04-20,2019-04-25,5,0,2019-04-25 08:59:49,2019-04-25 09:06:20,301,1,"0"
"172",252,"B4X1818","F6D0000000008001",2019-04-25 12:01:41,2019-04-25 12:18:02,4.968,1.985,887716,887756,"O/I|I/O","IN-OUT","v2",16.3830833315849,2,"B4H0867",2019-04-20,2019-04-25,5,0,2019-04-25 11:45:18,2019-04-25 12:34:26,302,1,"0"
"173",252,"B4X1818","F6D0000000008001",2019-04-25 12:27:12,2019-04-25 12:40:59,3.134,3.612,887761,887778,"O/I|I/o","IN-OUT","v2",13.8435333331426,2,"B4H0867",2019-04-20,2019-04-25,5,0,2019-04-25 12:13:21,2019-04-25 12:54:53,303,1,"0"
"174",252,"B4X1818","F6D0000000008001",2019-04-25 12:53:45,2019-04-25 12:58:53,19.641,1.691,887910,887930,"I/I|I/O","IN-OUT","v2",5.16151666641235,2,"B4H0867",2019-04-20,2019-04-25,5,0,2019-04-25 12:48:35,2019-04-25 13:04:04,304,1,"0"
"175",252,"B4X1818","F6D0000000008001",2019-04-25 13:07:42,2019-04-25 13:22:00,10.851,2.376,887937,887992,"O/I|I/o","IN-OUT","v2",14.339599998792,2,"B4H0867",2019-04-20,2019-04-25,5,0,2019-04-25 12:53:21,2019-04-25 13:36:22,305,1,"0"
"176",252,"B4X1818","F6D0000000008001",2019-04-25 14:09:21,2019-04-25 14:25:17,1.483,1.899,888089,888104,"O/I|I/O","IN-OUT","v2",15.9649833321571,2,"B4H0867",2019-04-20,2019-04-25,5,0,2019-04-25 13:53:23,2019-04-25 14:41:16,306,1,"0"
"177",252,"B4X1818","F6D0000000008001",2019-04-25 14:42:33,2019-04-25 14:56:58,1.622,1.426,888119,888144,"O/I|I/o","IN-OUT","v2",14.4404333353043,2,"B4H0867",2019-04-20,2019-04-25,5,0,2019-04-25 14:28:06,2019-04-25 15:11:25,307,1,"0"
"178",252,"B4X1818","F6D0000000008001",2019-04-25 15:07:29,2019-04-25 15:47:30,3.033,0.798,888157,888189,"O/i|I/o","IN-OUT","v2",40.0299666682879,2,"B4H0867",2019-04-20,2019-04-25,5,0,2019-04-25 14:27:27,2019-04-25 16:27:32,308,1,"0"
"179",252,"B4X1818","F6D0000000008001",2019-04-25 16:02:57,2019-04-25 16:18:12,1.938,2.926,888204,888220,"O/I|I/I","IN-OUT","v2",15.2987666686376,2,"B4H0867",2019-04-20,2019-04-25,5,0,2019-04-25 15:47:39,2019-04-25 16:33:32,309,1,"0"
"180",252,"B4X1818","F6D0000000008001",2019-04-25 16:39:34,2019-04-25 17:07:14,2.615,4.622,888232,888305,"O/I|I/o","IN-OUT","v2",27.7436999996503,2,"B4H0867",2019-04-20,2019-04-25,5,0,2019-04-25 16:11:49,2019-04-25 17:35:03,310,1,"0"
"181",252,"B4X1818","F6D0000000008001",2019-04-25 17:10:11,2019-04-25 17:12:54,2.781,4.717,888362,888384,"O/I|I/o","IN-OUT","v2",2.79528333346049,2,"B4H0867",2019-04-20,2019-04-25,5,0,2019-04-25 17:07:23,2019-04-25 17:15:46,311,1,"0"
"182",252,"B4X1818","F6D0000000008001",2019-04-25 18:51:12,2019-04-25 19:08:11,0.974,0.813,888442,888462,"O/I|I/I","IN-OUT","v2",16.9968833327293,2,"B4H0867",2019-04-20,2019-04-25,5,0,2019-04-25 18:34:12,2019-04-25 19:25:11,312,1,"0"
"183",252,"B4X1818","F6D0000000008001",2019-04-25 19:18:17,2019-04-25 19:31:35,0.917,1.247,888467,888489,"O/I|I/O","IN-OUT","v2",13.3207833329837,2,"B4H0867",2019-04-20,2019-04-25,5,0,2019-04-25 19:04:57,2019-04-25 19:44:55,313,1,"0"
"184",262,"B4X1126","85D0000000008001",2019-04-21 19:33:18,2019-04-22 06:21:37,1.165,3.746,717836,717841,"O/I|I/o","IN-OUT","v2",648.379100000858,2,"B4X1151",2019-04-19,2019-04-22,3,1,2019-04-22 05:51:40,2019-04-22 06:51:40,222,1,"1"
"185",262,"B4X1126","85D0000000008001",2019-04-22 09:59:08,2019-04-22 10:34:55,0.845,2.621,717875,717889,"O/I|I/o","IN-OUT","v2",35.827016667525,2,"B4X1151",2019-04-19,2019-04-22,3,0,2019-04-22 09:23:18,2019-04-22 11:10:47,223,1,"1"
"186",268,"B4H0857","7F0213A801AF0001",2019-04-07 19:39:11,2019-04-08 06:36:44,0.638,2.415,950783,950800,"O/I|I/o","IN-OUT","v2",657.590249999364,2,"B4X1340",2019-04-11,2019-04-08,-3,1,2019-04-08 06:06:46,2019-04-08 07:06:46,29,1,"1"
"187",268,"B4H0857","7F0213A801AF0001",2019-04-08 10:44:42,2019-04-08 10:52:26,1.543,6.231,950850,950860,"O/I|I/I","IN-OUT","v2",7.83718333244324,2,"B4X1340",2019-04-11,2019-04-08,-3,0,2019-04-08 10:36:51,2019-04-08 11:00:22,30,1,"1"
"188",268,"B4H0857","7F0213A801AF0001",2019-04-08 11:50:45,2019-04-08 12:10:21,0.52,1.023,951022,951037,"o/I|I/O","IN-OUT","v2",19.6170500000318,2,"B4X1340",2019-04-11,2019-04-08,-3,0,2019-04-08 11:31:07,2019-04-08 12:29:59,31,1,"1"
"189",269,"B4X1565","38A0000000008001",2019-04-15 19:50:36,2019-04-16 06:24:18,2.083,4.507,1210481,1210501,"O/i|I/o","IN-OUT","v2",633.775116666158,2,"B4X1740",2019-04-20,2019-04-16,-4,1,2019-04-16 05:54:22,2019-04-16 06:54:22,253,1,"0"
"190",269,"B4X1565","38A0000000008001",2019-04-16 11:39:14,2019-04-16 11:41:28,1.705,4.599,1210833,1210868,"O/i|I/o","IN-OUT","v2",2.30998333295186,2,"B4X1740",2019-04-20,2019-04-16,-4,0,2019-04-16 11:36:55,2019-04-16 11:43:51,254,1,"0"
"191",269,"B4X1565","38A0000000008001",2019-04-18 19:58:03,2019-04-19 06:08:05,0.965,1.999,1214704,1214724,"O/I|I/o","IN-OUT","v2",610.066650001208,2,"B4X1740",2019-04-20,2019-04-19,-1,1,2019-04-19 05:38:06,2019-04-19 06:38:06,255,1,"0"
"192",269,"B4X1565","38A0000000008001",2019-04-19 06:11:56,2019-04-19 06:23:56,0.74,4.345,1214729,1214740,"O/i|I/o","IN-OUT","v2",12.0724166671435,2,"B4X1740",2019-04-20,2019-04-19,-1,0,2019-04-19 05:59:51,2019-04-19 06:36:04,256,1,"0"
"193",269,"B4X1565","38A0000000008001",2019-04-22 19:53:32,2019-04-23 06:24:57,1.497,5.161,1215512,1215532,"O/I|I/o","IN-OUT","v2",631.502683333556,2,"B4X1740",2019-04-20,2019-04-23,3,1,2019-04-23 05:55:02,2019-04-23 06:55:02,257,1,"0"
"194",269,"B4X1565","38A0000000008001",2019-04-23 07:09:52,2019-04-23 07:20:43,2.858,5.352,1215558,1215600,"O/I|I/o","IN-OUT","v2",10.9391999999682,2,"B4X1740",2019-04-20,2019-04-23,3,0,2019-04-23 06:58:55,2019-04-23 07:31:44,258,1,"0"
"195",271,"B4X1862","9DD0000000008001",2019-04-20 20:04:56,2019-04-21 06:22:01,1.978,6.247,2757512,2757530,"O/I|I/O","IN-OUT","v2",617.18744999965,2,"B4P8261",2019-04-20,2019-04-21,1,1,2019-04-21 05:52:07,2019-04-21 06:52:07,334,1,"1"
"196",271,"B4X1862","9DD0000000008001",2019-04-21 19:56:59,2019-04-21 20:05:42,1.02,1.167,2758145,2758159,"O/I|I/o","IN-OUT","v2",8.73611666758855,2,"B4P8261",2019-04-20,2019-04-21,1,0,2019-04-21 19:48:14,2019-04-21 20:14:27,335,1,"1"
"197",271,"B4X1862","9DD0000000008001",2019-04-24 19:42:04,2019-04-25 09:34:38,1.553,1.24,2759410,2759556,"O/I|I/O","IN-OUT","v2",832.587333333492,2,"B4P8261",2019-04-20,2019-04-25,5,1,2019-04-25 09:04:39,2019-04-25 10:04:39,336,1,"1"
"198",271,"B4X1862","9DD0000000008001",2019-04-25 19:06:51,2019-04-25 19:23:35,2.605,5.213,2760029,2760037,"O/I|I/O","IN-OUT","v2",16.8202166676521,2,"B4P8261",2019-04-20,2019-04-25,5,0,2019-04-25 18:50:01,2019-04-25 19:40:29,337,1,"1"
"199",271,"B4X1862","9DD0000000008001",2019-04-25 19:28:47,2019-04-25 19:47:11,1.261,5.744,2760048,2760073,"O/I|I/o","IN-OUT","v2",18.495733332634,2,"B4P8261",2019-04-20,2019-04-25,5,0,2019-04-25 19:10:17,2019-04-25 20:05:46,338,1,"1"
"200",272,"B4X1324","10A0000000008001",2019-04-24 19:10:44,2019-04-25 06:20:29,0.809,6.221,285576,285665,"O/I|I/o","IN-OUT","v2",669.853683332602,2,"B4P9239",2019-04-21,2019-04-25,4,1,2019-04-25 05:50:35,2019-04-25 06:50:35,236,1,"1"
"201",272,"B4X1324","10A0000000008001",2019-04-25 06:56:45,2019-04-25 07:07:12,1.184,5.204,285670,285761,"O/I|I/o","IN-OUT","v2",10.5367333332698,2,"B4P9239",2019-04-21,2019-04-25,4,0,2019-04-25 06:46:12,2019-04-25 07:17:49,237,1,"1"
"202",73,"B4H0051","A1422A8758900001",2019-04-15 19:52:05,2019-04-16 06:27:59,1.478,6.171,3382444,3382555,"O/I|I/I","IN-OUT","v2",636.002850000064,2,"B4X1765",2019-04-12,2019-04-15,3,-1,2019-04-15 19:37:05,2019-04-15 20:07:05,1001,10,"10"
"203",73,"B4H0051","A1422A8758900001",2019-04-17 19:49:24,2019-04-18 06:15:49,1.064,5.166,3383989,3383994,"O/I|I/o","IN-OUT","v2",626.502766664823,2,"B4X1765",2019-04-12,2019-04-17,5,-1,2019-04-17 19:34:24,2019-04-17 20:04:24,1002,10,"10"
"204",125,"B4H0150","0A2213A801AF0001",2019-04-07 19:42:15,2019-04-08 06:42:43,0.589,1.805,299380,299482,"O/I|I/o","IN-OUT","v2",660.496750001113,2,"B4X1240",2019-04-09,2019-04-07,-2,-1,2019-04-07 19:27:15,2019-04-07 19:57:15,1003,10,"10"
"205",125,"B4H0150","0A2213A801AF0001",2019-04-09 19:41:19,2019-04-10 06:40:13,2.016,4.842,300112,300184,"O/I|I/o","IN-OUT","v2",658.980700000127,2,"B4X1240",2019-04-09,2019-04-09,0,-1,2019-04-09 19:26:19,2019-04-09 19:56:19,1004,10,"10"
"206",125,"B4H0150","0A2213A801AF0001",2019-04-12 19:22:04,2019-04-13 06:24:12,2.638,4.357,301630,301647,"O/I|I/o","IN-OUT","v2",662.205950001876,2,"B4X1240",2019-04-09,2019-04-12,3,-1,2019-04-12 19:07:04,2019-04-12 19:37:04,1005,10,"10"
"207",125,"B4H0150","0A2213A801AF0001",2019-04-13 19:28:05,2019-04-14 06:41:35,2.101,2.486,302433,302490,"O/I|I/o","IN-OUT","v2",673.541433334351,2,"B4X1240",2019-04-09,2019-04-13,4,-1,2019-04-13 19:13:05,2019-04-13 19:43:05,1006,10,"10"
"208",125,"B4H0150","0A2213A801AF0001",2019-04-14 20:06:40,2019-04-15 06:46:10,2.879,3.605,303222,303310,"O/I|I/O","IN-OUT","v2",639.560083333651,2,"B4X1240",2019-04-09,2019-04-14,5,-1,2019-04-14 19:51:40,2019-04-14 20:21:40,1007,10,"10"
"209",67,"B4H0379","ED2213A801AF0001",2019-04-07 19:42:51,2019-04-08 06:23:15,0.64,3.166,4362262,4362269,"O/I|I/I","IN-OUT","v2",640.452766664823,2,"B4P9915",2019-04-11,2019-04-07,-4,-1,2019-04-07 19:27:51,2019-04-07 19:57:51,1008,10,"10"
"210",67,"B4H0379","ED2213A801AF0001",2019-04-08 19:44:31,2019-04-09 06:38:46,87.596,3.336,4362970,4362997,"?/i|I/o","IN-OUT","v2",654.305599999428,2,"B4P9915",2019-04-11,2019-04-08,-3,-1,2019-04-08 19:29:31,2019-04-08 19:59:31,1009,10,"10"
"211",67,"B4H0379","ED2213A801AF0001",2019-04-13 19:30:38,2019-04-14 06:52:02,0.638,4.757,4364045,4364052,"O/I|I/o","IN-OUT","v2",681.479283332825,2,"B4P9915",2019-04-11,2019-04-13,2,-1,2019-04-13 19:15:38,2019-04-13 19:45:38,1010,10,"10"
"212",7,"B4H0471","438213A801AF0001",2019-04-08 19:39:34,2019-04-09 06:44:55,0.533,1.014,3013903,3013908,"O/I|I/o","IN-OUT","v2",665.366899998983,2,"B4H0940",2019-04-10,2019-04-08,-2,-1,2019-04-08 19:24:34,2019-04-08 19:54:34,1011,10,"10"
"213",7,"B4H0471","438213A801AF0001",2019-04-09 19:33:48,2019-04-10 06:59:33,1.486,1.068,3014402,3014419,"I/i|I/o","IN-OUT","v2",685.767800001303,2,"B4H0940",2019-04-10,2019-04-09,-1,-1,2019-04-09 19:18:48,2019-04-09 19:48:48,1012,10,"10"
"214",268,"B4H0857","7F0213A801AF0001",2019-04-08 19:41:26,2019-04-09 06:38:22,2.632,2.259,951400,951417,"O/i|I/O","IN-OUT","v2",656.970983334382,2,"B4X1340",2019-04-11,2019-04-08,-3,-1,2019-04-08 19:26:26,2019-04-08 19:56:26,1013,10,"10"
"215",136,"B4P1849","A9D0000000008001",2019-04-23 19:43:45,2019-04-24 06:23:46,1.733,1.239,648456,648461,"O/I|I/O","IN-OUT","v2",640.037316668034,2,"B4P8598",2019-04-20,2019-04-23,3,-1,2019-04-23 19:28:45,2019-04-23 19:58:45,1014,10,"10"
"216",136,"B4P1849","A9D0000000008001",2019-04-24 19:54:38,2019-04-25 06:32:18,1.234,2.781,648813,648838,"O/i|I/O","IN-OUT","v2",637.713016664982,2,"B4P8598",2019-04-20,2019-04-24,4,-1,2019-04-24 19:39:38,2019-04-24 20:09:38,1015,10,"10"
"217",196,"B4P8034","A740000000008001",2019-04-26 19:52:58,2019-04-27 06:07:41,0.592,4.733,871160,871173,"O/I|I/O","IN-OUT","v2",614.795550000668,2,"B4P9662",2019-04-23,2019-04-26,3,-1,2019-04-26 19:37:58,2019-04-26 20:07:58,1016,10,"10"
"218",77,"B4P8109","2EC213A801AF0001",2019-04-06 19:51:46,2019-04-07 06:46:11,1.382,3.706,14335410,14335467,"O/I|I/o","IN-OUT","v2",654.478433334827,2,"B4P8196",2019-04-09,2019-04-06,-3,-1,2019-04-06 19:36:46,2019-04-06 20:06:46,1017,10,"10"
"219",153,"B4P8147","91C213A801AF0001",2019-04-13 19:44:03,2019-04-14 06:23:34,1.971,4.844,613209,613216,"O/I|I/o","IN-OUT","v2",639.597400001685,2,"B4X1473",2019-04-18,2019-04-13,-5,-1,2019-04-13 19:29:03,2019-04-13 19:59:03,1018,10,"10"
"220",153,"B4P8147","91C213A801AF0001",2019-04-20 19:57:23,2019-04-21 06:10:00,0.753,3.063,619723,619728,"O/I|I/o","IN-OUT","v2",612.667716666063,2,"B4X1473",2019-04-18,2019-04-20,2,-1,2019-04-20 19:42:23,2019-04-20 20:12:23,1019,10,"10"
"221",153,"B4P8147","91C213A801AF0001",2019-04-21 19:23:56,2019-04-22 06:29:20,1.87,3.939,620978,620985,"O/I|I/o","IN-OUT","v2",665.465649998188,2,"B4X1473",2019-04-18,2019-04-21,3,-1,2019-04-21 19:08:56,2019-04-21 19:38:56,1020,10,"10"
"222",153,"B4P8147","91C213A801AF0001",2019-04-22 19:21:11,2019-04-23 06:38:32,1.876,3.616,622654,622668,"O/I|I/o","IN-OUT","v2",677.410266665618,2,"B4X1473",2019-04-18,2019-04-22,4,-1,2019-04-22 19:06:11,2019-04-22 19:36:11,1021,10,"10"
"223",155,"B4P8199","6B00000000008001",2019-04-27 20:04:20,2019-04-28 06:41:17,1.432,4.751,448958,449025,"O/I|I/o","IN-OUT","v2",637.029183332125,2,"B4P8872",2019-04-22,2019-04-27,5,-1,2019-04-27 19:49:20,2019-04-27 20:19:20,1022,10,"10"
"224",158,"B4P8229","EB2213A801AF0001",2019-04-11 19:55:59,2019-04-12 10:32:20,1.239,1.348,184422,184603,"o/i|I/O","IN-OUT","v2",876.372466667493,2,"B4X1267",2019-04-13,2019-04-11,-2,-1,2019-04-11 19:40:59,2019-04-11 20:10:59,1023,10,"10"
"225",245,"B4P8246","132213A801AF0001",2019-04-17 19:45:15,2019-04-18 07:59:04,0.963,0.91,489595,489807,"O/I|I/o","IN-OUT","v2",733.831833334764,2,"B4X1759",2019-04-13,2019-04-17,4,-1,2019-04-17 19:30:15,2019-04-17 20:00:15,1024,10,"10"
"226",245,"B4P8246","132213A801AF0001",2019-04-18 19:36:45,2019-04-19 06:53:21,1.124,3.713,490001,490038,"O/i|I/o","IN-OUT","v2",676.661883334319,2,"B4X1759",2019-04-13,2019-04-18,5,-1,2019-04-18 19:21:45,2019-04-18 19:51:45,1025,10,"10"
"227",40,"B4P8620","2B00000000008001",2019-04-24 20:11:45,2019-04-25 06:00:24,1.849,0.177,1291864,1292027,"O/I|I/I","IN-OUT","v2",588.652950000763,2,"B4X1838",2019-04-21,2019-04-24,3,-1,2019-04-24 19:56:45,2019-04-24 20:26:45,1026,10,"10"
"228",224,"B4P8714","05C0000000008001",2019-04-21 19:43:43,2019-04-22 06:28:12,1.929,4.658,522656,522691,"O/I|I/o","IN-OUT","v2",644.560966666539,2,"B4X1777",2019-04-20,2019-04-21,1,-1,2019-04-21 19:28:43,2019-04-21 19:58:43,1027,10,"10"
"229",258,"B4P8750","45C213A801AF0001",2019-04-23 19:00:39,2019-04-24 06:21:19,0.631,4.342,1195449,1195456,"O/I|I/I","IN-OUT","v2",680.73903333346,2,"B4P8261",2019-04-18,2019-04-23,5,-1,2019-04-23 18:45:39,2019-04-23 19:15:39,1028,10,"10"
"230",31,"B4P8972","CE00000000008001",2019-04-20 19:55:43,2019-04-21 06:31:18,0.957,3.036,3210205,3210230,"O/I|I/O","IN-OUT","v2",635.633933333556,2,"B4H0096",2019-04-18,2019-04-20,2,-1,2019-04-20 19:40:43,2019-04-20 20:10:43,1029,10,"10"
"231",31,"B4P8972","CE00000000008001",2019-04-21 19:40:23,2019-04-22 06:32:29,1.118,1.869,3210773,3210788,"O/I|I/O","IN-OUT","v2",652.131149999301,2,"B4H0096",2019-04-18,2019-04-21,3,-1,2019-04-21 19:25:23,2019-04-21 19:55:23,1030,10,"10"
"232",82,"B4P9062","32C0000000008001",2019-04-17 19:42:28,2019-04-18 06:29:35,1.45,4.642,872311,872316,"O/I|I/?","IN-OUT","v2",647.194033332666,2,"B4H1828",2019-04-14,2019-04-17,3,-1,2019-04-17 19:27:28,2019-04-17 19:57:28,1031,10,"10"
"233",82,"B4P9062","32C0000000008001",2019-04-19 20:12:31,2019-04-20 06:17:16,2.231,4.361,872888,872895,"O/I|I/o","IN-OUT","v2",604.822683334351,2,"B4H1828",2019-04-14,2019-04-19,5,-1,2019-04-19 19:57:31,2019-04-19 20:27:31,1032,10,"10"
"234",154,"B4P9140","65C0000000008001",2019-04-15 20:01:43,2019-04-16 06:27:24,1,1,2368585,2368665,"o/i|i/?","IN-OUT","v2",625.7,2,"B4P9847",2019-04-19,2019-04-15,-4,-1,2019-04-15 19:46:43,2019-04-15 20:16:43,1033,10,"10"
"235",154,"B4P9140","65C0000000008001",2019-04-20 20:00:40,2019-04-21 06:38:49,0.7,3.75,2370374,2370430,"O/i|I/o","IN-OUT","v2",638.2125,2,"B4P9847",2019-04-19,2019-04-20,1,-1,2019-04-20 19:45:40,2019-04-20 20:15:40,1034,10,"10"
"236",81,"B4P9315","5020000000008001",2019-05-03 19:49:39,2019-05-04 06:20:16,3.312,4.725,1065967,1065974,"O/I|I/o","IN-OUT","v2",630.695416665077,2,"B4H1828",2019-05-03,2019-05-03,0,-1,2019-05-03 19:34:39,2019-05-03 20:04:39,1035,10,"10"
"237",81,"B4P9315","5020000000008001",2019-05-08 19:32:03,2019-05-09 06:52:55,1.338,4.194,1068971,1069011,"O/I|I/o","IN-OUT","v2",680.936566666762,2,"B4H1828",2019-05-03,2019-05-08,5,-1,2019-05-08 19:17:03,2019-05-08 19:47:03,1036,10,"10"
"238",14,"B4P9322","CC20000000008001",2019-04-03 19:44:37,2019-04-04 06:47:35,2.872,2.334,6664069,6664118,"O/I|I/o","IN-OUT","v2",663.00556666851,2,NA,2019-04-05,2019-04-03,-2,-1,2019-04-03 19:29:37,2019-04-03 19:59:37,1037,10,"10"
"239",14,"B4P9322","CC20000000008001",2019-04-08 19:40:07,2019-04-09 06:58:34,4.712,3.964,6667469,6667656,"O/I|I/O","IN-OUT","v2",678.516066666444,2,NA,2019-04-05,2019-04-08,3,-1,2019-04-08 19:25:07,2019-04-08 19:55:07,1038,10,"10"
"240",18,"B4P9324","4C20000000008001",2019-04-15 19:31:40,2019-04-16 06:38:41,2.341,1.982,766292,766301,"O/I|I/o","IN-OUT","v2",667.049700001876,2,"B4H0234",2019-04-12,2019-04-15,3,-1,2019-04-15 19:16:40,2019-04-15 19:46:40,1039,10,"10"
"241",115,"B4P9328","6220000000008001",2019-04-14 19:36:36,2019-04-15 06:19:26,1.553,2.643,769847,769895,"O/I|I/O","IN-OUT","v2",642.877383331458,2,"B4P8414",2019-04-12,2019-04-14,2,-1,2019-04-14 19:21:36,2019-04-14 19:51:36,1040,10,"10"
"242",115,"B4P9328","6220000000008001",2019-04-15 19:48:08,2019-04-16 06:14:04,0.757,4.311,770001,770026,"?/I|I/O","IN-OUT","v2",626.005183335145,2,"B4P8414",2019-04-12,2019-04-15,3,-1,2019-04-15 19:33:08,2019-04-15 20:03:08,1041,10,"10"
"243",187,"B4P9333","2C20000000008001",2019-04-12 19:39:53,2019-04-13 06:45:34,0.75,1.283,587528,587533,"O/i|I/o","IN-OUT","v2",665.70471666654,2,"B4X1579",2019-04-13,2019-04-12,-1,-1,2019-04-12 19:24:53,2019-04-12 19:54:53,1042,10,"10"
"244",187,"B4P9333","2C20000000008001",2019-04-14 19:48:58,2019-04-15 06:46:12,0.851,4.125,587835,587844,"O/i|I/o","IN-OUT","v2",657.302083333333,2,"B4X1579",2019-04-13,2019-04-14,1,-1,2019-04-14 19:33:58,2019-04-14 20:03:58,1043,10,"10"
"245",187,"B4P9333","2C20000000008001",2019-04-15 19:55:16,2019-04-16 06:41:55,0.428,3.606,588033,588042,"O/i|I/o","IN-OUT","v2",646.71009999911,2,"B4X1579",2019-04-13,2019-04-15,2,-1,2019-04-15 19:40:16,2019-04-15 20:10:16,1044,10,"10"
"246",187,"B4P9333","2C20000000008001",2019-04-16 19:51:12,2019-04-17 06:37:58,0.59,4.242,588419,588442,"O/i|I/O","IN-OUT","v2",646.837366668383,2,"B4X1579",2019-04-13,2019-04-16,3,-1,2019-04-16 19:36:12,2019-04-16 20:06:12,1045,10,"10"
"247",187,"B4P9333","2C20000000008001",2019-04-17 19:51:08,2019-04-18 09:14:42,0.592,2.04,588683,588728,"O/I|I/O","IN-OUT","v2",803.600666666031,2,"B4X1579",2019-04-13,2019-04-17,4,-1,2019-04-17 19:36:08,2019-04-17 20:06:08,1046,10,"10"
"248",89,"B4P9361","1620000000008001",2019-04-19 20:14:23,2019-04-20 05:54:39,103.656,1.029,751652,751710,"o/i|I/O","IN-OUT","v2",580.283816667398,2,"B4X8037",2019-04-23,2019-04-19,-4,-1,2019-04-19 19:59:23,2019-04-19 20:29:23,1047,10,"10"
"249",89,"B4P9361","1620000000008001",2019-04-22 19:52:27,2019-04-23 06:13:52,3.536,4.072,755140,755252,"O/I|I/O","IN-OUT","v2",621.484533333778,2,"B4X8037",2019-04-23,2019-04-22,-1,-1,2019-04-22 19:37:27,2019-04-22 20:07:27,1048,10,"10"
"250",21,"B4P9561","FCD0000000008001",2019-04-12 19:47:36,2019-04-13 06:26:57,2.131,3.713,22435300,22435393,"O/I|I/o","IN-OUT","v2",639.411883334319,2,"B4H0229",2019-04-11,2019-04-12,1,-1,2019-04-12 19:32:36,2019-04-12 20:02:36,1049,10,"10"
"251",251,"B4P9596","ABC0000000008001",2019-04-08 19:51:41,2019-04-09 06:33:33,2.338,5.026,1122453,1122482,"O/I|I/O","IN-OUT","v2",641.950433333715,2,"B4H0534",2019-04-12,2019-04-08,-4,-1,2019-04-08 19:36:41,2019-04-08 20:06:41,1050,10,"10"
"252",259,"B4P9613","CA20000000008001",2019-04-24 19:13:27,2019-04-25 06:04:09,0.971,5.967,205558,205653,"O/I|I/o","IN-OUT","v2",650.799450000127,2,"B4H0064",2019-04-22,2019-04-24,2,-1,2019-04-24 18:58:27,2019-04-24 19:28:27,1051,10,"10"
"253",23,"B4P9614","1A20000000008001",2019-05-05 19:49:27,2019-05-06 06:25:28,4.494,5.423,311012,311171,"O/I|I/o","IN-OUT","v2",636.107050001621,2,"B4X1416",2019-05-06,2019-05-05,-1,-1,2019-05-05 19:34:27,2019-05-05 20:04:27,1052,10,"10"
"254",87,"B4P9615","EC20000000008001",2019-04-20 17:48:29,2019-04-21 05:50:17,1.135,5.1,452386,452442,"O/I|I/o","IN-OUT","v2",721.884999998411,2,"B4X1438",2019-04-22,2019-04-20,-2,-1,2019-04-20 17:33:29,2019-04-20 18:03:29,1053,10,"10"
"255",87,"B4P9615","EC20000000008001",2019-04-25 19:23:32,2019-04-26 05:58:41,0.645,3.762,454900,454907,"O/i|I/o","IN-OUT","v2",635.212700001399,2,"B4X1438",2019-04-22,2019-04-25,3,-1,2019-04-25 19:08:32,2019-04-25 19:38:32,1054,10,"10"
"256",87,"B4P9615","EC20000000008001",2019-04-26 18:46:33,2019-04-27 06:05:22,0.591,2.233,455500,455509,"O/i|I/O","IN-OUT","v2",678.853883334001,2,"B4X1438",2019-04-22,2019-04-26,4,-1,2019-04-26 18:31:33,2019-04-26 19:01:33,1055,10,"10"
"257",4,"B4P9810","4980000000008001",2019-04-25 20:13:57,2019-04-26 06:21:04,2.5,4.339,6618945,6618959,"O/I|I/O","IN-OUT","v2",607.188983333111,2,"B4H0929",2019-04-24,2019-04-25,1,-1,2019-04-25 19:58:57,2019-04-25 20:28:57,1056,10,"10"
"258",175,"B4P9973","2120000000008001",2019-04-14 19:40:23,2019-04-15 06:32:03,14.038,6.211,361843,361879,"O/I|I/O","IN-OUT","v2",651.770183332761,2,"B4X1608",2019-04-18,2019-04-14,-4,-1,2019-04-14 19:25:23,2019-04-14 19:55:23,1057,10,"10"
"259",175,"B4P9973","2120000000008001",2019-04-16 19:55:12,2019-04-17 06:20:46,2.283,5.74,363022,363038,"O/I|I/O","IN-OUT","v2",625.662333333492,2,"B4X1608",2019-04-18,2019-04-16,-2,-1,2019-04-16 19:40:12,2019-04-16 20:10:12,1058,10,"10"
"260",175,"B4P9973","2120000000008001",2019-04-17 20:08:43,2019-04-18 06:38:19,1.838,3.671,363230,363246,"O/I|I/O","IN-OUT","v2",629.661183333397,2,"B4X1608",2019-04-18,2019-04-17,-1,-1,2019-04-17 19:53:43,2019-04-17 20:23:43,1059,10,"10"
"261",175,"B4P9973","2120000000008001",2019-04-18 19:36:50,2019-04-19 06:31:00,1.349,4.222,363521,363526,"O/I|I/O","IN-OUT","v2",654.237033331394,2,"B4X1608",2019-04-18,2019-04-18,0,-1,2019-04-18 19:21:50,2019-04-18 19:51:50,1060,10,"10"
"262",175,"B4P9973","2120000000008001",2019-04-22 19:31:04,2019-04-23 06:23:51,4.569,3.892,364496,364509,"O/I|I/o","IN-OUT","v2",652.848199999332,2,"B4X1608",2019-04-18,2019-04-22,4,-1,2019-04-22 19:16:04,2019-04-22 19:46:04,1061,10,"10"
"263",175,"B4P9973","2120000000008001",2019-04-23 19:42:22,2019-04-24 06:24:52,1.648,3.19,364875,364880,"o/I|I/O","IN-OUT","v2",642.55316666762,2,"B4X1608",2019-04-18,2019-04-23,5,-1,2019-04-23 19:27:22,2019-04-23 19:57:22,1062,10,"10"
"264",165,"B4P9991","0920000000008001",2019-04-17 20:15:22,2019-04-18 06:16:00,2.776,2.711,280391,280403,"O/I|I/o","IN-OUT","v2",600.678516666094,2,"B4X1896",2019-04-22,2019-04-17,-5,-1,2019-04-17 20:00:22,2019-04-17 20:30:22,1063,10,"10"
"265",165,"B4P9991","0920000000008001",2019-04-18 20:13:43,2019-04-19 06:12:43,0.786,1.026,281449,281484,"O/I|I/O","IN-OUT","v2",599.017100000381,2,"B4X1896",2019-04-22,2019-04-18,-4,-1,2019-04-18 19:58:43,2019-04-18 20:28:43,1064,10,"10"
"266",165,"B4P9991","0920000000008001",2019-04-20 20:10:24,2019-04-21 06:11:32,3.18,2.447,282629,282696,"O/I|I/o","IN-OUT","v2",601.174116667112,2,"B4X1896",2019-04-22,2019-04-20,-2,-1,2019-04-20 19:55:24,2019-04-20 20:25:24,1065,10,"10"
"267",165,"B4P9991","0920000000008001",2019-04-21 19:42:36,2019-04-22 06:15:39,1.401,3.895,282809,282818,"o/I|I/O","IN-OUT","v2",633.114916666349,2,"B4X1896",2019-04-22,2019-04-21,-1,-1,2019-04-21 19:27:36,2019-04-21 19:57:36,1066,10,"10"
"268",165,"B4P9991","0920000000008001",2019-04-22 19:49:55,2019-04-23 06:20:39,1.402,6.108,282977,282982,"O/I|I/o","IN-OUT","v2",630.835133334001,2,"B4X1896",2019-04-22,2019-04-22,0,-1,2019-04-22 19:34:55,2019-04-22 20:04:55,1067,10,"10"
"269",165,"B4P9991","0920000000008001",2019-04-23 19:45:06,2019-04-24 06:19:17,1.109,4.217,283514,283522,"?/I|I/O","IN-OUT","v2",634.253616666794,2,"B4X1896",2019-04-22,2019-04-23,1,-1,2019-04-23 19:30:06,2019-04-23 20:00:06,1068,10,"10"
"270",165,"B4P9991","0920000000008001",2019-04-24 19:32:26,2019-04-25 06:13:51,4.335,4.277,283776,283792,"O/I|I/O","IN-OUT","v2",641.487949999173,2,"B4X1896",2019-04-22,2019-04-24,2,-1,2019-04-24 19:17:26,2019-04-24 19:47:26,1069,10,"10"
"271",165,"B4P9991","0920000000008001",2019-04-25 19:25:33,2019-04-26 06:24:49,0.846,3.249,284275,284285,"O/I|I/O","IN-OUT","v2",659.320816667875,2,"B4X1896",2019-04-22,2019-04-25,3,-1,2019-04-25 19:10:33,2019-04-25 19:40:33,1070,10,"10"
"272",165,"B4P9991","0920000000008001",2019-04-27 18:16:05,2019-04-28 06:36:40,1.397,3.822,285122,285127,"O/I|I/O","IN-OUT","v2",740.647033333778,2,"B4X1896",2019-04-22,2019-04-27,5,-1,2019-04-27 18:01:05,2019-04-27 18:31:05,1071,10,"10"
"273",156,"B4X1032","8DA0000000008001",2019-04-17 19:54:16,2019-04-18 06:06:37,0.914,4.689,279625,279644,"O/i|I/o","IN-OUT","v2",612.428149998188,2,"B4H1960",2019-04-15,2019-04-17,2,-1,2019-04-17 19:39:16,2019-04-17 20:09:16,1072,10,"10"
"274",211,"B4X1073","D9E0000000008001",2019-04-14 19:29:20,2019-04-15 06:28:57,4.516,2.765,200430,200493,"o/i|I/o","IN-OUT","v2",659.662750001748,2,"B4X1022",2019-04-19,2019-04-14,-5,-1,2019-04-14 19:14:20,2019-04-14 19:44:20,1073,10,"10"
"275",211,"B4X1073","D9E0000000008001",2019-04-16 19:56:42,2019-04-17 06:22:46,2.937,1.118,201400,201538,"O/I|I/I","IN-OUT","v2",626.085300000509,2,"B4X1022",2019-04-19,2019-04-16,-3,-1,2019-04-16 19:41:42,2019-04-16 20:11:42,1074,10,"10"
"276",132,"B4X1096","4EA0000000008001",2019-04-16 19:51:01,2019-04-17 06:25:59,1.934,5.499,953703,953727,"O/I|I/O","IN-OUT","v2",635.058316667875,2,"B4X1624",2019-04-14,2019-04-16,2,-1,2019-04-16 19:36:01,2019-04-16 20:06:01,1075,10,"10"
"277",239,"B4X1120","CAA0000000008001",2019-04-19 20:05:23,2019-04-20 06:48:07,0.964,2.227,1505596,1505647,"O/I|I/o","IN-OUT","v2",642.770449999968,2,"B4X1551",2019-04-20,2019-04-19,-1,-1,2019-04-19 19:50:23,2019-04-19 20:20:23,1076,10,"10"
"278",239,"B4X1120","CAA0000000008001",2019-04-20 19:55:56,2019-04-21 06:49:43,1.023,5.269,1506485,1506534,"O/I|I/o","IN-OUT","v2",653.87115000089,2,"B4X1551",2019-04-20,2019-04-20,0,-1,2019-04-20 19:40:56,2019-04-20 20:10:56,1077,10,"10"
"279",239,"B4X1120","CAA0000000008001",2019-04-21 19:51:03,2019-04-22 06:37:11,1.073,3.674,1507143,1507193,"O/I|I/o","IN-OUT","v2",646.19456666708,2,"B4X1551",2019-04-20,2019-04-21,1,-1,2019-04-21 19:36:03,2019-04-21 20:06:03,1078,10,"10"
"280",239,"B4X1120","CAA0000000008001",2019-04-22 20:05:46,2019-04-23 06:41:04,0.803,2.635,1508332,1508447,"O/I|I/o","IN-OUT","v2",635.343916666508,2,"B4X1551",2019-04-20,2019-04-22,2,-1,2019-04-22 19:50:46,2019-04-22 20:20:46,1079,10,"10"
"281",239,"B4X1120","CAA0000000008001",2019-04-24 19:44:13,2019-04-25 06:31:23,1.172,1.725,1509451,1509475,"O/I|I/o","IN-OUT","v2",647.195416665077,2,"B4X1551",2019-04-20,2019-04-24,4,-1,2019-04-24 19:29:13,2019-04-24 19:59:13,1080,10,"10"
"282",239,"B4X1120","CAA0000000008001",2019-04-25 19:17:45,2019-04-26 06:25:47,2.024,3.563,1509926,1509957,"O/I|I/o","IN-OUT","v2",668.092716666063,2,"B4X1551",2019-04-20,2019-04-25,5,-1,2019-04-25 19:02:45,2019-04-25 19:32:45,1081,10,"10"
"283",262,"B4X1126","85D0000000008001",2019-04-14 19:51:11,2019-04-15 06:24:28,1.411,4.476,713903,713912,"O/i|I/o","IN-OUT","v2",633.35793333451,2,"B4X1151",2019-04-19,2019-04-14,-5,-1,2019-04-14 19:36:11,2019-04-14 20:06:11,1082,10,"10"
"284",262,"B4X1126","85D0000000008001",2019-04-17 20:03:49,2019-04-18 06:06:38,1.049,4.405,716599,716606,"O/I|I/o","IN-OUT","v2",602.890083332857,2,"B4X1151",2019-04-19,2019-04-17,-2,-1,2019-04-17 19:48:49,2019-04-17 20:18:49,1083,10,"10"
"285",262,"B4X1126","85D0000000008001",2019-04-23 19:50:03,2019-04-24 07:15:18,1.211,4.257,718638,718666,"O/i|I/o","IN-OUT","v2",685.320949999491,2,"B4X1151",2019-04-19,2019-04-23,4,-1,2019-04-23 19:35:03,2019-04-23 20:05:03,1084,10,"10"
"286",206,"B4X1139","22A0000000008001",2019-04-15 19:47:35,2019-04-16 06:27:49,2.473,2.634,664657,664668,"O/I|I/I","IN-OUT","v2",640.277233334382,2,"B4P9662",2019-04-14,2019-04-15,1,-1,2019-04-15 19:32:35,2019-04-15 20:02:35,1085,10,"10"
"287",56,"B4X1150","6F20000000008001",2019-04-05 19:07:43,2019-04-06 06:42:41,1.648,6.266,5338589,5338598,"O/I|I/o","IN-OUT","v2",695.07110000054,2,"B4P9367",2019-04-08,2019-04-05,-3,-1,2019-04-05 18:52:43,2019-04-05 19:22:43,1086,10,"10"
"288",56,"B4X1150","6F20000000008001",2019-04-06 19:34:27,2019-04-07 07:03:04,2.168,5.505,5339557,5339568,"O/I|I/O","IN-OUT","v2",688.708416668574,2,"B4P9367",2019-04-08,2019-04-06,-2,-1,2019-04-06 19:19:27,2019-04-06 19:49:27,1087,10,"10"
"289",207,"B4X1161","9CA0000000008001",2019-05-04 19:25:57,2019-05-05 06:18:01,18.338,3.251,419785,419845,"O/i|I/o","IN-OUT","v2",652.120849998792,2,"B4P8011",2019-05-01,2019-05-04,3,-1,2019-05-04 19:10:57,2019-05-04 19:40:57,1088,10,"10"
"290",195,"B4X1214","6AA0000000008001",2019-04-09 19:43:28,2019-04-10 06:37:57,1.442,3.757,354547,354554,"O/I|I/O","IN-OUT","v2",654.545949999491,2,NA,2019-04-12,2019-04-09,-3,-1,2019-04-09 19:28:28,2019-04-09 19:58:28,1089,10,"10"
"291",138,"B4X1224","66A0000000008001",2019-04-06 19:44:55,2019-04-07 06:40:57,0.757,4.731,588277,588282,"O/I|I/O","IN-OUT","v2",656.112183332443,2,"B4P8612",2019-04-11,2019-04-06,-5,-1,2019-04-06 19:29:55,2019-04-06 19:59:55,1090,10,"10"
"292",138,"B4X1224","66A0000000008001",2019-04-08 19:37:20,2019-04-09 06:12:23,0.76,3.438,588849,588854,"o/i|I/o","IN-OUT","v2",635.107299999396,2,"B4P8612",2019-04-11,2019-04-08,-3,-1,2019-04-08 19:22:20,2019-04-08 19:52:20,1091,10,"10"
"293",138,"B4X1224","66A0000000008001",2019-04-13 19:15:53,2019-04-14 06:49:24,1.036,4.168,593114,593119,"O/I|I/o","IN-OUT","v2",693.586133333047,2,"B4P8612",2019-04-11,2019-04-13,2,-1,2019-04-13 19:00:53,2019-04-13 19:30:53,1092,10,"10"
"294",138,"B4X1224","66A0000000008001",2019-04-16 19:56:55,2019-04-17 06:54:16,0.846,6.188,593614,593619,"O/i|I/O","IN-OUT","v2",657.453133332729,2,"B4P8612",2019-04-11,2019-04-16,5,-1,2019-04-16 19:41:55,2019-04-16 20:11:55,1093,10,"10"
"295",230,"B4X1246","B660000000008001",2019-04-25 19:38:12,2019-04-26 06:32:15,0.537,2.313,1166358,1166365,"o/I|I/?","IN-OUT","v2",654.088549999396,2,"B4X1463",2019-04-22,2019-04-25,3,-1,2019-04-25 19:23:12,2019-04-25 19:53:12,1094,10,"10"
"296",230,"B4X1246","B660000000008001",2019-04-27 19:36:42,2019-04-28 06:29:03,1.021,2.734,1167220,1167235,"O/I|I/O","IN-OUT","v2",652.395566666126,2,"B4X1463",2019-04-22,2019-04-27,5,-1,2019-04-27 19:21:42,2019-04-27 19:51:42,1095,10,"10"
"297",272,"B4X1324","10A0000000008001",2019-04-24 19:10:44,2019-04-25 06:20:29,0.809,6.221,285576,285665,"O/I|I/o","IN-OUT","v2",669.853683332602,2,"B4P9239",2019-04-21,2019-04-24,3,-1,2019-04-24 18:55:44,2019-04-24 19:25:44,1096,10,"10"
"298",49,"B4X1331","50A0000000008001",2019-04-16 19:29:19,2019-04-17 06:18:35,0.691,2.233,1300200,1300205,"O/I|i/o","IN-OUT","v2",649.303883334001,2,"B4H1339",2019-04-11,2019-04-16,5,-1,2019-04-16 19:14:19,2019-04-16 19:44:19,1097,10,"10"
"299",227,"B4X1460","A4D0000000008001",2019-04-17 20:05:48,2019-04-18 05:54:31,5.902,4.998,1293950,1293961,"I/I|I/o","IN-OUT","v2",588.799966665109,2,"B4X1306",2019-04-21,2019-04-17,-4,-1,2019-04-17 19:50:48,2019-04-17 20:20:48,1098,10,"10"
"300",227,"B4X1460","A4D0000000008001",2019-04-21 20:05:15,2019-04-22 06:28:51,0.793,3.389,1297443,1297462,"O/I|I/I","IN-OUT","v2",623.656483332316,2,"B4X1306",2019-04-21,2019-04-21,0,-1,2019-04-21 19:50:15,2019-04-21 20:20:15,1099,10,"10"
"301",227,"B4X1460","A4D0000000008001",2019-04-25 20:32:26,2019-04-26 06:21:00,0.943,4.66,1300699,1300710,"O/I|I/o","IN-OUT","v2",588.644333334764,2,"B4X1306",2019-04-21,2019-04-25,4,-1,2019-04-25 20:17:26,2019-04-25 20:47:26,1100,10,"10"
"302",227,"B4X1460","A4D0000000008001",2019-04-26 19:46:12,2019-04-27 06:33:59,0.851,5.466,1301051,1301058,"O/I|I/o","IN-OUT","v2",647.874433334668,2,"B4X1306",2019-04-21,2019-04-26,5,-1,2019-04-26 19:31:12,2019-04-26 20:01:12,1101,10,"10"
"303",26,"B4X1494","67E0000000008001",2019-04-11 19:39:51,2019-04-12 06:40:51,1.975,4.718,11795015,11795038,"O/I|I/O","IN-OUT","v2",661.078633332252,2,"B4X1891",2019-04-12,2019-04-11,-1,-1,2019-04-11 19:24:51,2019-04-11 19:54:51,1102,10,"10"
"304",99,"B4X1528","AB60000000008001",2019-04-26 19:35:18,2019-04-27 06:25:35,0.807,4.889,586751,586928,"O/I|I/O","IN-OUT","v2",650.364816665649,2,"B4X8020",2019-04-21,2019-04-26,5,-1,2019-04-26 19:20:18,2019-04-26 19:50:18,1103,10,"10"
"305",269,"B4X1565","38A0000000008001",2019-04-15 19:50:36,2019-04-16 06:24:18,2.083,4.507,1210481,1210501,"O/i|I/o","IN-OUT","v2",633.775116666158,2,"B4X1740",2019-04-20,2019-04-15,-5,-1,2019-04-15 19:35:36,2019-04-15 20:05:36,1104,10,"10"
"306",269,"B4X1565","38A0000000008001",2019-04-19 19:57:52,2019-04-20 06:19:51,7.998,5.103,1214941,1214970,"O/I|I/o","IN-OUT","v2",622.068383332094,2,"B4X1740",2019-04-20,2019-04-19,-1,-1,2019-04-19 19:42:52,2019-04-19 20:12:52,1105,10,"10"
"307",269,"B4X1565","38A0000000008001",2019-04-21 19:53:55,2019-04-22 06:18:03,1.753,5.35,1215261,1215268,"O/i|I/o","IN-OUT","v2",624.222499998411,2,"B4X1740",2019-04-20,2019-04-21,1,-1,2019-04-21 19:38:55,2019-04-21 20:08:55,1106,10,"10"
"308",269,"B4X1565","38A0000000008001",2019-04-23 19:50:47,2019-04-24 06:30:40,0.911,3.06,1215670,1215686,"O/I|I/o","IN-OUT","v2",639.93433333238,2,"B4X1740",2019-04-20,2019-04-23,3,-1,2019-04-23 19:35:47,2019-04-23 20:05:47,1107,10,"10"
"309",269,"B4X1565","38A0000000008001",2019-04-24 19:33:49,2019-04-25 06:25:52,0.754,3.911,1216035,1216045,"?/i|I/O","IN-OUT","v2",652.115183333556,2,"B4X1740",2019-04-20,2019-04-24,4,-1,2019-04-24 19:18:49,2019-04-24 19:48:49,1108,10,"10"
"310",74,"B4X1615","E750000000008001",2019-04-17 19:53:18,2019-04-18 06:39:25,1.497,5.063,571344,571447,"O/i|I/o","IN-OUT","v2",646.201049999396,2,"B4X1895",2019-04-19,2019-04-17,-2,-1,2019-04-17 19:38:18,2019-04-17 20:08:18,1109,10,"10"
"311",201,"B4X1633","89E0000000008001",2019-04-25 19:57:49,2019-04-26 06:14:40,2.145,4.29,747559,747566,"O/I|i/O","IN-OUT","v2",616.921499999364,2,"B4P8744",2019-04-21,2019-04-25,4,-1,2019-04-25 19:42:49,2019-04-25 20:12:49,1110,10,"10"
"312",143,"B4X1641","B0E0000000008001",2019-04-12 19:47:49,2019-04-13 06:50:01,2.102,4.976,709411,709416,"O/I|I/O","IN-OUT","v2",662.282933334509,2,"B4X1129",2019-04-13,2019-04-12,-1,-1,2019-04-12 19:32:49,2019-04-12 20:02:49,1111,10,"10"
"313",213,"B4X1659","45D0000000008001",2019-04-23 19:27:42,2019-04-24 06:31:53,0.539,4.435,3225785,3225790,"o/i|I/o","IN-OUT","v2",664.257249999046,2,"B4X1873",2019-04-18,2019-04-23,5,-1,2019-04-23 19:12:42,2019-04-23 19:42:42,1112,10,"10"
"314",229,"B4X1721","48D0000000008001",2019-04-19 20:14:43,2019-04-20 06:16:53,1.395,6.03,448290,448295,"O/I|I/O","IN-OUT","v2",602.26716666619,2,"B4X1544",2019-04-18,2019-04-19,1,-1,2019-04-19 19:59:43,2019-04-19 20:29:43,1113,10,"10"
"315",229,"B4X1721","48D0000000008001",2019-04-23 20:10:29,2019-04-24 06:06:45,1.736,3.801,450718,450790,"O/I|I/O","IN-OUT","v2",596.330016668638,2,"B4X1544",2019-04-18,2019-04-23,5,-1,2019-04-23 19:55:29,2019-04-23 20:25:29,1114,10,"10"
"316",45,"B4X1746","8F50000000008001",2019-04-14 19:28:11,2019-04-15 06:18:15,7.545,4.037,542450,542470,"O/I|I/O","IN-OUT","v2",650.133949999015,2,"B4X1891",2019-04-18,2019-04-14,-4,-1,2019-04-14 19:13:11,2019-04-14 19:43:11,1115,10,"10"
"317",45,"B4X1746","8F50000000008001",2019-04-20 19:49:09,2019-04-21 06:35:07,3.273,0.768,547723,547743,"O/I|I/I","IN-OUT","v2",645.979466664791,2,"B4X1891",2019-04-18,2019-04-20,2,-1,2019-04-20 19:34:09,2019-04-20 20:04:09,1116,10,"10"
"318",45,"B4X1746","8F50000000008001",2019-04-23 19:43:22,2019-04-24 06:41:17,1.495,1.612,549403,549420,"O/I|I/o","IN-OUT","v2",657.943533333143,2,"B4X1891",2019-04-18,2019-04-23,5,-1,2019-04-23 19:28:22,2019-04-23 19:58:22,1117,10,"10"
"319",232,"B4X1756","F760000000008001",2019-04-14 19:34:04,2019-04-15 06:30:11,0.69,2.909,263115,263120,"O/I|I/o","IN-OUT","v2",656.165149998665,2,"B4X1207",2019-04-13,2019-04-14,1,-1,2019-04-14 19:19:04,2019-04-14 19:49:04,1118,10,"10"
"320",122,"B4X1790","43D0000000008001",2019-04-13 19:43:32,2019-04-14 06:12:19,1.438,1.824,3591640,3591668,"O/I|I/O","IN-OUT","v2",628.813733331362,2,"B4P9113",2019-04-14,2019-04-13,-1,-1,2019-04-13 19:28:32,2019-04-13 19:58:32,1119,10,"10"
"321",168,"B4X1795","DED0000000008001",2019-04-11 19:32:15,2019-04-12 06:21:41,4.083,5.316,864430,864445,"O/i|I/O","IN-OUT","v2",649.521933333079,2,"B4P9530",2019-04-15,2019-04-11,-4,-1,2019-04-11 19:17:15,2019-04-11 19:47:15,1120,10,"10"
"322",168,"B4X1795","DED0000000008001",2019-04-17 19:40:02,2019-04-18 06:35:15,1.684,4.319,867495,867518,"O/I|I/O","IN-OUT","v2",655.288650000095,2,"B4P9530",2019-04-15,2019-04-17,2,-1,2019-04-17 19:25:02,2019-04-17 19:55:02,1121,10,"10"
"323",168,"B4X1795","DED0000000008001",2019-04-18 19:38:19,2019-04-19 06:32:41,2.611,4.112,869459,869469,"O/I|I/o","IN-OUT","v2",654.435199999809,2,"B4P9530",2019-04-15,2019-04-18,3,-1,2019-04-18 19:23:19,2019-04-18 19:53:19,1122,10,"10"
"324",252,"B4X1818","F6D0000000008001",2019-04-17 19:46:24,2019-04-18 06:19:42,0.859,1.838,884051,884087,"O/I|I/O","IN-OUT","v2",633.330633334319,2,"B4H0867",2019-04-20,2019-04-17,-3,-1,2019-04-17 19:31:24,2019-04-17 20:01:24,1123,10,"10"
"325",252,"B4X1818","F6D0000000008001",2019-04-19 19:57:52,2019-04-20 06:19:13,10.618,1.702,884556,884596,"?/i|I/o","IN-OUT","v2",621.378366665045,2,"B4H0867",2019-04-20,2019-04-19,-1,-1,2019-04-19 19:42:52,2019-04-19 20:12:52,1124,10,"10"
"326",252,"B4X1818","F6D0000000008001",2019-04-21 19:45:51,2019-04-22 06:24:19,2.942,6.154,885099,885134,"o/i|I/I","IN-OUT","v2",638.569233334065,2,"B4H0867",2019-04-20,2019-04-21,1,-1,2019-04-21 19:30:51,2019-04-21 20:00:51,1125,10,"10"
"327",252,"B4X1818","F6D0000000008001",2019-04-24 19:26:12,2019-04-25 06:23:59,10.997,1.352,887236,887318,"?/i|I/O","IN-OUT","v2",657.805866666635,2,"B4H0867",2019-04-20,2019-04-24,4,-1,2019-04-24 19:11:12,2019-04-24 19:41:12,1126,10,"10"
"328",252,"B4X1818","F6D0000000008001",2019-04-25 19:45:53,2019-04-26 06:09:13,0.861,0.814,888494,888526,"O/I|I/o","IN-OUT","v2",623.346899998188,2,"B4H0867",2019-04-20,2019-04-25,5,-1,2019-04-25 19:30:53,2019-04-25 20:00:53,1127,10,"10"
"329",255,"B4X1829","32D0000000008001",2019-04-18 20:02:58,2019-04-19 06:35:17,1.984,3.509,546551,546624,"O/I|I/o","IN-OUT","v2",632.375150001049,2,"B4P9213",2019-04-19,2019-04-18,-1,-1,2019-04-18 19:47:58,2019-04-18 20:17:58,1128,10,"10"
"330",163,"B4X1835","2FD0000000008001",2019-04-03 19:58:24,2019-04-04 06:25:32,1.394,6.019,298735,298742,"O/i|I/o","IN-OUT","v2",627.23365000089,2,"B4P8675",2019-04-07,2019-04-03,-4,-1,2019-04-03 19:43:24,2019-04-03 20:13:24,1129,10,"10"
"331",90,"B4X1837","B2D0000000008001",2019-04-11 19:05:04,2019-04-12 06:28:13,1.352,1.725,166738,166763,"O/I|I/o","IN-OUT","v2",683.178749998411,2,"B4H0364",2019-04-14,2019-04-11,-3,-1,2019-04-11 18:50:04,2019-04-11 19:20:04,1130,10,"10"
"332",22,"B4X1851","0AD0000000008001",2019-04-18 20:02:27,2019-04-19 06:25:35,1.229,4.411,1145422,1145437,"O/I|I/I","IN-OUT","v2",623.206850000223,2,"B4X1839",2019-04-15,2019-04-18,3,-1,2019-04-18 19:47:27,2019-04-18 20:17:27,1131,10,"10"
"333",172,"B4X1861","22D0000000008001",2019-04-17 20:04:38,2019-04-18 06:53:57,1.023,2.96,4665348,4665361,"O/i|I/O","IN-OUT","v2",649.366000000636,2,"B4H0158",2019-04-16,2019-04-17,1,-1,2019-04-17 19:49:38,2019-04-17 20:19:38,1132,10,"10"
"334",172,"B4X1861","22D0000000008001",2019-04-21 19:58:34,2019-04-22 06:30:13,0.648,2.105,4667892,4667911,"O/I|I/I","IN-OUT","v2",631.685083333651,2,"B4H0158",2019-04-16,2019-04-21,5,-1,2019-04-21 19:43:34,2019-04-21 20:13:34,1133,10,"10"
"335",95,"B4X1864","B5D0000000008001",2019-04-20 19:53:08,2019-04-21 06:23:38,1.231,4.333,269379,269403,"O/I|I/O","IN-OUT","v2",630.572216665745,2,"B4H0784",2019-04-21,2019-04-20,-1,-1,2019-04-20 19:38:08,2019-04-20 20:08:08,1134,10,"10"
"336",95,"B4X1864","B5D0000000008001",2019-04-21 19:52:53,2019-04-22 06:44:38,3.76,0.612,269941,269968,"O/I|I/o","IN-OUT","v2",651.760199999809,2,"B4H0784",2019-04-21,2019-04-21,0,-1,2019-04-21 19:37:53,2019-04-21 20:07:53,1135,10,"10"
"337",95,"B4X1864","B5D0000000008001",2019-04-22 19:29:13,2019-04-23 06:06:19,0.856,6.28,270739,270744,"O/I|I/I","IN-OUT","v2",637.20466666619,2,"B4H0784",2019-04-21,2019-04-22,1,-1,2019-04-22 19:14:13,2019-04-22 19:44:13,1136,10,"10"
"338",95,"B4X1864","B5D0000000008001",2019-04-25 19:21:28,2019-04-26 06:07:28,0.803,1.082,273904,273916,"O/i|I/?","IN-OUT","v2",646.018033333619,2,"B4H0784",2019-04-21,2019-04-25,4,-1,2019-04-25 19:06:28,2019-04-25 19:36:28,1137,10,"10"
"339",174,"B4X1865","6FD0000000008001",2019-04-16 20:06:27,2019-04-17 06:13:21,1.185,6.297,645916,645953,"O/I|I/o","IN-OUT","v2",607.004949998856,2,"B4X8890",2019-04-19,2019-04-16,-3,-1,2019-04-16 19:51:27,2019-04-16 20:21:27,1138,10,"10"
"340",174,"B4X1865","6FD0000000008001",2019-04-18 19:51:57,2019-04-19 06:03:33,1.185,3.06,648701,648745,"O/i|I/o","IN-OUT","v2",611.650999999046,2,"B4X8890",2019-04-19,2019-04-18,-1,-1,2019-04-18 19:36:57,2019-04-18 20:06:57,1139,10,"10"
"341",174,"B4X1865","6FD0000000008001",2019-04-21 19:41:37,2019-04-22 05:58:19,0.802,5.767,649692,649708,"O/I|I/o","IN-OUT","v2",616.796116665999,2,"B4X8890",2019-04-19,2019-04-21,2,-1,2019-04-21 19:26:37,2019-04-21 19:56:37,1140,10,"10"
"342",174,"B4X1865","6FD0000000008001",2019-04-23 18:43:35,2019-04-24 06:17:15,0.74,1.076,650567,650592,"?/I|i/?","IN-OUT","v2",693.684599999587,2,"B4X8890",2019-04-19,2019-04-23,4,-1,2019-04-23 18:28:35,2019-04-23 18:58:35,1141,10,"10"
"343",124,"B4X1868","6ED0000000008001",2019-04-23 19:50:57,2019-04-24 06:25:06,0.858,5.723,355413,355477,"O/I|I/o","IN-OUT","v2",634.24538333416,2,"B4E9258",2019-04-18,2019-04-23,5,-1,2019-04-23 19:35:57,2019-04-23 20:05:57,1142,10,"10"
"344",194,"B4X1870","63D0000000008001",2019-04-21 19:50:07,2019-04-22 06:05:01,0.918,3.179,261637,261642,"O/I|I/o","IN-OUT","v2",614.95298333168,2,"B4H0391",2019-04-19,2019-04-21,2,-1,2019-04-21 19:35:07,2019-04-21 20:05:07,1143,10,"10"
"345",194,"B4X1870","63D0000000008001",2019-04-22 19:23:24,2019-04-23 06:27:21,1.111,5.339,262370,262378,"O/I|I/O","IN-OUT","v2",664.038983333111,2,"B4H0391",2019-04-19,2019-04-22,3,-1,2019-04-22 19:08:24,2019-04-22 19:38:24,1144,10,"10"
"346",194,"B4X1870","63D0000000008001",2019-04-24 19:46:18,2019-04-25 06:55:57,0.818,5.067,265387,265554,"O/I|I/I","IN-OUT","v2",669.734449998538,2,"B4H0391",2019-04-19,2019-04-24,5,-1,2019-04-24 19:31:18,2019-04-24 20:01:18,1145,10,"10"
"347",238,"B4X1872","36D0000000008001",2019-04-17 20:07:40,2019-04-18 08:56:59,0.595,2.28,216668,216759,"O/I|I/O","IN-OUT","v2",769.35466666619,2,"B4P9342",2019-04-19,2019-04-17,-2,-1,2019-04-17 19:52:40,2019-04-17 20:22:40,1146,10,"10"
"348",238,"B4X1872","36D0000000008001",2019-04-23 19:58:12,2019-04-24 07:22:04,0.958,4.867,220124,220243,"O/I|I/O","IN-OUT","v2",683.94778333505,2,"B4P9342",2019-04-19,2019-04-23,4,-1,2019-04-23 19:43:12,2019-04-23 20:13:12,1147,10,"10"
"349",19,"B4X1875","5DD0000000008001",2019-04-13 19:26:01,2019-04-14 06:18:05,5.147,1.867,6493194,6493223,"O/I|I/O","IN-OUT","v2",652.09778333505,2,"B4X1072",2019-04-17,2019-04-13,-4,-1,2019-04-13 19:11:01,2019-04-13 19:41:01,1148,10,"10"
"350",19,"B4X1875","5DD0000000008001",2019-04-16 19:51:10,2019-04-17 06:38:19,9.495,2.773,6495141,6495231,"O/I|I/o","IN-OUT","v2",647.196216666698,2,"B4X1072",2019-04-17,2019-04-16,-1,-1,2019-04-16 19:36:10,2019-04-16 20:06:10,1149,10,"10"
"351",19,"B4X1875","5DD0000000008001",2019-04-18 19:57:45,2019-04-19 06:35:30,2.282,3.362,6495422,6495436,"O/i|I/o","IN-OUT","v2",637.806033333143,2,"B4X1072",2019-04-17,2019-04-18,1,-1,2019-04-18 19:42:45,2019-04-18 20:12:45,1150,10,"10"
